UniprotID,Protein Name,Gene Name,Organism,Sequence
P0C0L4,Complement C4-A (Acidic complement C4) (C3 and PZP-like alpha-2-macroglobulin domain-containing protein 2) [Cleaved into: Complement C4 beta chain; Complement C4-A alpha chain; C4a anaphylatoxin; C4b-A; C4d-A; Complement C4 gamma chain],C4A CO4 CPAMD2,Homo sapiens (Human),MRLLWGLIWASSFFTLSLQKPRLLLFSPSVVHLGVPLSVGVQLQDVPRGQVVKGSVFLRNPSRNNVPCSPKVDFTLSSERDFALLSLQVPLKDAKSCGLHQLLRGPEVQLVAHSPWLKDSLSRTTNIQGINLLFSSRRGHLFLQTDQPIYNPGQRVRYRVFALDQKMRPSTDTITVMVENSHGLRVRKKEVYMPSSIFQDDFVIPDISEPGTWKISARFSDGLESNSSTQFEVKKYVLPNFEVKITPGKPYILTVPGHLDEMQLDIQARYIYGKPVQGVAYVRFGLLDEDGKKTFFRGLESQTKLVNGQSHISLSKAEFQDALEKLNMGITDLQGLRLYVAAAIIESPGGEMEEAELTSWYFVSSPFSLDLSKTKRHLVPGAPFLLQALVREMSGSPASGIPVKVSATVSSPGSVPEVQDIQQNTDGSGQVSIPIIIPQTISELQLSVSAGSPHPAIARLTVAAPPSGGPGFLSIERPDSRPPRVGDTLNLNLRAVGSGATFSHYYYMILSRGQIVFMNREPKRTLTSVSVFVDHHLAPSFYFVAFYYHGDHPVANSLRVDVQAGACEGKLELSVDGAKQYRNGESVKLHLETDSLALVALGALDTALYAAGSKSHKPLNMGKVFEAMNSYDLGCGPGGGDSALQVFQAAGLAFSDGDQWTLSRKRLSCPKEKTTRKKRNVNFQKAINEKLGQYASPTAKRCCQDGVTRLPMMRSCEQRAARVQQPDCREPFLSCCQFAESLRKKSRDKGQAGLQRALEILQEEDLIDEDDIPVRSFFPENWLWRVETVDRFQILTLWLPDSLTTWEIHGLSLSKTKGLCVATPVQLRVFREFHLHLRLPMSVRRFEQLELRPVLYNYLDKNLTVSVHVSPVEGLCLAGGGGLAQQVLVPAGSARPVAFSVVPTAAAAVSLKVVARGSFEFPVGDAVSKVLQIEKEGAIHREELVYELNPLDHRGRTLEIPGNSDPNMIPDGDFNSYVRVTASDPLDTLGSEGALSPGGVASLLRLPRGCGEQTMIYLAPTLAASRYLDKTEQWSTLPPETKDHAVDLIQKGYMRIQQFRKADGSYAAWLSRDSSTWLTAFVLKVLSLAQEQVGGSPEKLQETSNWLLSQQQADGSFQDPCPVLDRSMQGGLVGNDETVALTAFVTIALHHGLAVFQDEGAEPLKQRVEASISKANSFLGEKASAGLLGAHAAAITAYALTLTKAPVDLLGVAHNNLMAMAQETGDNLYWGSVTGSQSNAVSPTPAPRNPSDPMPQAPALWIETTAYALLHLLLHEGKAEMADQASAWLTRQGSFQGGFRSTQDTVIALDALSAYWIASHTTEERGLNVTLSSTGRNGFKSHALQLNNRQIRGLEEELQFSLGSKINVKVGGNSKGTLKVLRTYNVLDMKNTTCQDLQIEVTVKGHVEYTMEANEDYEDYEYDELPAKDDPDAPLQPVTPLQLFEGRRNRRRREAPKVVEEQESRVHYTVCIWRNGKVGLSGMAIADVTLLSGFHALRADLEKLTSLSDRYVSHFETEGPHVLLYFDSVPTSRECVGFEAVQEVPVGLVQPASATLYDYYNPERRCSVFYGAPSKSRLLATLCSAEVCQCAEGKCPRQRRALERGLQDEDGYRMKFACYYPRVEYGFQVKVLREDSRAAFRLFETKITQVLHFTKDVKAAANQMRNFLVRASCRLRLEPGKEYLIMGLDGATYDLEGHPQYLLDSNSWIEEMPSERLCRSTRQRAACAQLNDFLQEYGTQGCQV
P00450,Ceruloplasmin (EC 1.16.3.1) (Ferroxidase),CP,Homo sapiens (Human),MKILILGIFLFLCSTPAWAKEKHYYIGIIETTWDYASDHGEKKLISVDTEHSNIYLQNGPDRIGRLYKKALYLQYTDETFRTTIEKPVWLGFLGPIIKAETGDKVYVHLKNLASRPYTFHSHGITYYKEHEGAIYPDNTTDFQRADDKVYPGEQYTYMLLATEEQSPGEGDGNCVTRIYHSHIDAPKDIASGLIGPLIICKKDSLDKEKEKHIDREFVVMFSVVDENFSWYLEDNIKTYCSEPEKVDKDNEDFQESNRMYSVNGYTFGSLPGLSMCAEDRVKWYLFGMGNEVDVHAAFFHGQALTNKNYRIDTINLFPATLFDAYMVAQNPGEWMLSCQNLNHLKAGLQAFFQVQECNKSSSKDNIRGKHVRHYYIAAEEIIWNYAPSGIDIFTKENLTAPGSDSAVFFEQGTTRIGGSYKKLVYREYTDASFTNRKERGPEEEHLGILGPVIWAEVGDTIRVTFHNKGAYPLSIEPIGVRFNKNNEGTYYSPNYNPQSRSVPPSASHVAPTETFTYEWTVPKEVGPTNADPVCLAKMYYSAVDPTKDIFTGLIGPMKICKKGSLHANGRQKDVDKEFYLFPTVFDENESLLLEDNIRMFTTAPDQVDKEDEDFQESNKMHSMNGFMYGNQPGLTMCKGDSVVWYLFSAGNEADVHGIYFSGNTYLWRGERRDTANLFPQTSLTLHMWPDTEGTFNVECLTTDHYTGGMKQKYTVNQCRRQSEDSTFYLGERTYYIAAVEVEWDYSPQREWEKELHHLQEQNVSNAFLDKGEFYIGSKYKKVVYRQYTDSTFRVPVERKAEEEHLGILGPQLHADVGDKVKIIFKNMATRPYSIHAHGVQTESSTVTPTLPGETLTYVWKIPERSGAGTEDSACIPWAYYSTVDQVKDLYSGLIGPLIVCRRPYLKVFNPRRKLEFALLFLVFDENESWYLDDNIKTYSDHPEKVNKDDEEFIESNKMHAINGRMFGNLQGLTMHVGDEVNWYLMGMGNEIDLHTVHFHGHSFQYKHRGVYSSDVFDIFPGTYQTLEMFPRTPGIWLLHCHVTDHIHAGMETTYTVLQNEDTKSG
P01031,Complement C5 (C3 and PZP-like alpha-2-macroglobulin domain-containing protein 4) [Cleaved into: Complement C5 beta chain; Complement C5 alpha chain; C5a anaphylatoxin; Complement C5 alpha' chain],C5 CPAMD4,Homo sapiens (Human),MGLLGILCFLIFLGKTWGQEQTYVISAPKIFRVGASENIVIQVYGYTEAFDATISIKSYPDKKFSYSSGHVHLSSENKFQNSAILTIQPKQLPGGQNPVSYVYLEVVSKHFSKSKRMPITYDNGFLFIHTDKPVYTPDQSVKVRVYSLNDDLKPAKRETVLTFIDPEGSEVDMVEEIDHIGIISFPDFKIPSNPRYGMWTIKAKYKEDFSTTGTAYFEVKEYVLPHFSVSIEPEYNFIGYKNFKNFEITIKARYFYNKVVTEADVYITFGIREDLKDDQKEMMQTAMQNTMLINGIAQVTFDSETAVKELSYYSLEDLNNKYLYIAVTVIESTGGFSEEAEIPGIKYVLSPYKLNLVATPLFLKPGIPYPIKVQVKDSLDQLVGGVPVTLNAQTIDVNQETSDLDPSKSVTRVDDGVASFVLNLPSGVTVLEFNVKTDAPDLPEENQAREGYRAIAYSSLSQSYLYIDWTDNHKALLVGEHLNIIVTPKSPYIDKITHYNYLILSKGKIIHFGTREKFSDASYQSINIPVTQNMVPSSRLLVYYIVTGEQTAELVSDSVWLNIEEKCGNQLQVHLSPDADAYSPGQTVSLNMATGMDSWVALAAVDSAVYGVQRGAKKPLERVFQFLEKSDLGCGAGGGLNNANVFHLAGLTFLTNANADDSQENDEPCKEILRPRRTLQKKIEEIAAKYKHSVVKKCCYDGACVNNDETCEQRAARISLGPRCIKAFTECCVVASQLRANISHKDMQLGRLHMKTLLPVSKPEIRSYFPESWLWEVHLVPRRKQLQFALPDSLTTWEIQGVGISNTGICVADTVKAKVFKDVFLEMNIPYSVVRGEQIQLKGTVYNYRTSGMQFCVKMSAVEGICTSESPVIDHQGTKSSKCVRQKVEGSSSHLVTFTVLPLEIGLHNINFSLETWFGKEILVKTLRVVPEGVKRESYSGVTLDPRGIYGTISRRKEFPYRIPLDLVPKTEIKRILSVKGLLVGEILSAVLSQEGINILTHLPKGSAEAELMSVVPVFYVFHYLETGNHWNIFHSDPLIEKQKLKKKLKEGMLSIMSYRNADYSYSVWKGGSASTWLTAFALRVLGQVNKYVEQNQNSICNSLLWLVENYQLDNGSFKENSQYQPIKLQGTLPVEARENSLYLTAFTVIGIRKAFDICPLVKIDTALIKADNFLLENTLPAQSTFTLAISAYALSLGDKTHPQFRSIVSALKREALVKGNPPIYRFWKDNLQHKDSSVPNTGTARMVETTAYALLTSLNLKDINYVNPVIKWLSEEQRYGGGFYSTQDTINAIEGLTEYSLLVKQLRLSMDIDVSYKHKGALHNYKMTDKNFLGRPVEVLLNDDLIVSTGFGSGLATVHVTTVVHKTSTSEEVCSFYLKIDTQDIEASHYRGYGNSDYKRIVACASYKPSREESSSGSSHAVMDISLPTGISANEEDLKALVEGVDQLFTDYQIKDGHVILQLNSIPSSDFLCVRFRIFELFEVGFLSPATFTVYEYHRPDKQCTMFYSTSNIKIQKVCEGAACKCVEADCGQMQEELDLTISAETRKQTACKPEIAYAYKVSITSITVENVFVKYKATLLDIYKTGEAVAEKDSEITFIKKVTCTNAELVKGRQYLIMGKEALQIKYNFSFRYIYPLDSLTWIEYWPRDTTCSSCQAFLANLDEFAEDIFLNGC
P04275,von Willebrand factor (vWF) [Cleaved into: von Willebrand antigen 2 (von Willebrand antigen II)],VWF F8VWF,Homo sapiens (Human),MIPARFAGVLLALALILPGTLCAEGTRGRSSTARCSLFGSDFVNTFDGSMYSFAGYCSYLLAGGCQKRSFSIIGDFQNGKRVSLSVYLGEFFDIHLFVNGTVTQGDQRVSMPYASKGLYLETEAGYYKLSGEAYGFVARIDGSGNFQVLLSDRYFNKTCGLCGNFNIFAEDDFMTQEGTLTSDPYDFANSWALSSGEQWCERASPPSSSCNISSGEMQKGLWEQCQLLKSTSVFARCHPLVDPEPFVALCEKTLCECAGGLECACPALLEYARTCAQEGMVLYGWTDHSACSPVCPAGMEYRQCVSPCARTCQSLHINEMCQERCVDGCSCPEGQLLDEGLCVESTECPCVHSGKRYPPGTSLSRDCNTCICRNSQWICSNEECPGECLVTGQSHFKSFDNRYFTFSGICQYLLARDCQDHSFSIVIETVQCADDRDAVCTRSVTVRLPGLHNSLVKLKHGAGVAMDGQDVQLPLLKGDLRIQHTVTASVRLSYGEDLQMDWDGRGRLLVKLSPVYAGKTCGLCGNYNGNQGDDFLTPSGLAEPRVEDFGNAWKLHGDCQDLQKQHSDPCALNPRMTRFSEEACAVLTSPTFEACHRAVSPLPYLRNCRYDVCSCSDGRECLCGALASYAAACAGRGVRVAWREPGRCELNCPKGQVYLQCGTPCNLTCRSLSYPDEECNEACLEGCFCPPGLYMDERGDCVPKAQCPCYYDGEIFQPEDIFSDHHTMCYCEDGFMHCTMSGVPGSLLPDAVLSSPLSHRSKRSLSCRPPMVKLVCPADNLRAEGLECTKTCQNYDLECMSMGCVSGCLCPPGMVRHENRCVALERCPCFHQGKEYAPGETVKIGCNTCVCQDRKWNCTDHVCDATCSTIGMAHYLTFDGLKYLFPGECQYVLVQDYCGSNPGTFRILVGNKGCSHPSVKCKKRVTILVEGGEIELFDGEVNVKRPMKDETHFEVVESGRYIILLLGKALSVVWDRHLSISVVLKQTYQEKVCGLCGNFDGIQNNDLTSSNLQVEEDPVDFGNSWKVSSQCADTRKVPLDSSPATCHNNIMKQTMVDSSCRILTSDVFQDCNKLVDPEPYLDVCIYDTCSCESIGDCACFCDTIAAYAHVCAQHGKVVTWRTATLCPQSCEERNLRENGYECEWRYNSCAPACQVTCQHPEPLACPVQCVEGCHAHCPPGKILDELLQTCVDPEDCPVCEVAGRRFASGKKVTLNPSDPEHCQICHCDVVNLTCEACQEPGGLVVPPTDAPVSPTTLYVEDISEPPLHDFYCSRLLDLVFLLDGSSRLSEAEFEVLKAFVVDMMERLRISQKWVRVAVVEYHDGSHAYIGLKDRKRPSELRRIASQVKYAGSQVASTSEVLKYTLFQIFSKIDRPEASRITLLLMASQEPQRMSRNFVRYVQGLKKKKVIVIPVGIGPHANLKQIRLIEKQAPENKAFVLSSVDELEQQRDEIVSYLCDLAPEAPPPTLPPDMAQVTVGPGLLGVSTLGPKRNSMVLDVAFVLEGSDKIGEADFNRSKEFMEEVIQRMDVGQDSIHVTVLQYSYMVTVEYPFSEAQSKGDILQRVREIRYQGGNRTNTGLALRYLSDHSFLVSQGDREQAPNLVYMVTGNPASDEIKRLPGDIQVVPIGVGPNANVQELERIGWPNAPILIQDFETLPREAPDLVLQRCCSGEGLQIPTLSPAPDCSQPLDVILLLDGSSSFPASYFDEMKSFAKAFISKANIGPRLTQVSVLQYGSITTIDVPWNVVPEKAHLLSLVDVMQREGGPSQIGDALGFAVRYLTSEMHGARPGASKAVVILVTDVSVDSVDAAADAARSNRVTVFPIGIGDRYDAAQLRILAGPAGDSNVVKLQRIEDLPTMVTLGNSFLHKLCSGFVRICMDEDGNEKRPGDVWTLPDQCHTVTCQPDGQTLLKSHRVNCDRGLRPSCPNSQSPVKVEETCGCRWTCPCVCTGSSTRHIVTFDGQNFKLTGSCSYVLFQNKEQDLEVILHNGACSPGARQGCMKSIEVKHSALSVELHSDMEVTVNGRLVSVPYVGGNMEVNVYGAIMHEVRFNHLGHIFTFTPQNNEFQLQLSPKTFASKTYGLCGICDENGANDFMLRDGTVTTDWKTLVQEWTVQRPGQTCQPILEEQCLVPDSSHCQVLLLPLFAECHKVLAPATFYAICQQDSCHQEQVCEVIASYAHLCRTNGVCVDWRTPDFCAMSCPPSLVYNHCEHGCPRHCDGNVSSCGDHPSEGCFCPPDKVMLEGSCVPEEACTQCIGEDGVQHQFLEAWVPDHQPCQICTCLSGRKVNCTTQPCPTAKAPTCGLCEVARLRQNADQCCPEYECVCDPVSCDLPPVPHCERGLQPTLTNPGECRPNFTCACRKEECKRVSPPSCPPHRLPTLRKTQCCDEYECACNCVNSTVSCPLGYLASTATNDCGCTTTTCLPDKVCVHRSTIYPVGQFWEEGCDVCTCTDMEDAVMGLRVAQCSQKPCEDSCRSGFTYVLHEGECCGRCLPSACEVVTGSPRGDSQSSWKSVGSQWASPENPCLINECVRVKEEVFIQQRNVSCPQLEVPVCPSGFQLSCKTSACCPSCRCERMEACMLNGTVIGPGKTVMIDVCTTCRCMVQVGVISGFKLECRKTTCNPCPLGYKEENNTGECCGRCLPTACTIQLRGGQIMTLKRDETLQDGCDTHFCKVNERGEYFWEKRVTGCPPFDEHKCLAEGGKIMKIPGTCCDTCEEPECNDITARLQYVKVGSCKSEVEVDIHYCQGKCASKAMYSIDINDVQDQCSCCSPTRTEPMQVALHCTNGSVVYHEVLNAMECKCSPRKCSK
P01009,Alpha-1-antitrypsin (Alpha-1 protease inhibitor) (Alpha-1-antiproteinase) (Serpin A1) [Cleaved into: Short peptide from AAT (SPAAT)],SERPINA1 AAT PI PRO0684 PRO2209,Homo sapiens (Human),MPSSVSWGILLLAGLCCLVPVSLAEDPQGDAAQKTDTSHHDQDHPTFNKITPNLAEFAFSLYRQLAHQSNSTNIFFSPVSIATAFAMLSLGTKADTHDEILEGLNFNLTEIPEAQIHEGFQELLRTLNQPDSQLQLTTGNGLFLSEGLKLVDKFLEDVKKLYHSEAFTVNFGDTEEAKKQINDYVEKGTQGKIVDLVKELDRDTVFALVNYIFFKGKWERPFEVKDTEEEDFHVDQVTTVKVPMMKRLGMFNIQHCKKLSSWVLLMKYLGNATAIFFLPDEGKLQHLENELTHDIITKFLENEDRRSASLHLPKLSITGTYDLKSVLGQLGITKVFSNGADLSGVTEEAPLKLSKAVHKAVLTIDEKGTEAAGAMFLEAIPMSIPPEVKFNKPFVFLMIEQNTKSPLFMGKVVNPTQK
P00738,Haptoglobin (Zonulin) [Cleaved into: Haptoglobin alpha chain; Haptoglobin beta chain],HP,Homo sapiens (Human),MSALGAVIALLLWGQLFAVDSGNDVTDIADDGCPKPPEIAHGYVEHSVRYQCKNYYKLRTEGDGVYTLNDKKQWINKAVGDKLPECEADDGCPKPPEIAHGYVEHSVRYQCKNYYKLRTEGDGVYTLNNEKQWINKAVGDKLPECEAVCGKPKNPANPVQRILGGHLDAKGSFPWQAKMVSHHNLTTGATLINEQWLLTTAKNLFLNHSENATAKDIAPTLTLYVGKKQLVEIEKVVLHPNYSQVDIGLIKLKQKVSVNERVMPICLPSKDYAEVGRVGYVSGWGRNANFKFTDHLKYVMLPVADQDQCIRHYEGSTVPEKKTPKSPVGVQPILNEHTFCAGMSKYQEDTCYGDAGSAFAVHDLEEDTWYATGILSFDKSCAVAEYGVYVKVTSIQDWVQKTIAEN
Q14624,Inter-alpha-trypsin inhibitor heavy chain H4 (ITI heavy chain H4) (ITI-HC4) (Inter-alpha-inhibitor heavy chain 4) (Inter-alpha-trypsin inhibitor family heavy chain-related protein) (IHRP) (Plasma kallikrein sensitive glycoprotein 120) (Gp120) (PK-120) [Cleaved into: 70 kDa inter-alpha-trypsin inhibitor heavy chain H4; 35 kDa inter-alpha-trypsin inhibitor heavy chain H4],ITIH4 IHRP ITIHL1 PK120 PRO1851,Homo sapiens (Human),MKPPRPVRTCSKVLVLLSLLAIHQTTTAEKNGIDIYSLTVDSRVSSRFAHTVVTSRVVNRANTVQEATFQMELPKKAFITNFSMIIDGMTYPGIIKEKAEAQAQYSAAVAKGKSAGLVKATGRNMEQFQVSVSVAPNAKITFELVYEELLKRRLGVYELLLKVRPQQLVKHLQMDIHIFEPQGISFLETESTFMTNQLVDALTTWQNKTKAHIRFKPTLSQQQKSPEQQETVLDGNLIIRYDVDRAISGGSIQIENGYFVHYFAPEGLTTMPKNVVFVIDKSGSMSGRKIQQTREALIKILDDLSPRDQFNLIVFSTEATQWRPSLVPASAENVNKARSFAAGIQALGGTNINDAMLMAVQLLDSSNQEERLPEGSVSLIILLTDGDPTVGETNPRSIQNNVREAVSGRYSLFCLGFGFDVSYAFLEKLALDNGGLARRIHEDSDSALQLQDFYQEVANPLLTAVTFEYPSNAVEEVTQNNFRLLFKGSEMVVAGKLQDRGPDVLTATVSGKLPTQNITFQTESSVAEQEAEFQSPKYIFHNFMERLWAYLTIQQLLEQTVSASDADQQALRNQALNLSLAYSFVTPLTSMVVTKPDDQEQSQVAEKPMEGESRNRNVHSGSTFFKYYLQGAKIPKPEASFSPRRGWNRQAGAAGSRMNFRPGVLSSRQLGLPGPPDVPDHAAYHPFRRLAILPASAPPATSNPDPAVSRVMNMKIEETTMTTQTPAPIQAPSAILPLPGQSVERLCVDPRHRQGPVNLLSDPEQGVEVTGQYEREKAGFSWIEVTFKNPLVWVHASPEHVVVTRNRRSSAYKWKETLFSVMPGLKMTMDKTGLLLLSDPDKVTIGLLFWDGRGEGLRLLLRDTDRFSSHVGGTLGQFYQEVLWGSPAASDDGRRTLRVQGNDHSATRERRLDYQEGPPGVEISCWSVEL
P00751,Complement factor B (EC 3.4.21.47) (C3/C5 convertase) (Glycine-rich beta glycoprotein) (GBG) (PBF2) (Properdin factor B) [Cleaved into: Complement factor B Ba fragment; Complement factor B Bb fragment],CFB BF BFD,Homo sapiens (Human),MGSNLSPQLCLMPFILGLLSGGVTTTPWSLARPQGSCSLEGVEIKGGSFRLLQEGQALEYVCPSGFYPYPVQTRTCRSTGSWSTLKTQDQKTVRKAECRAIHCPRPHDFENGEYWPRSPYYNVSDEISFHCYDGYTLRGSANRTCQVNGRWSGQTAICDNGAGYCSNPGIPIGTRKVGSQYRLEDSVTYHCSRGLTLRGSQRRTCQEGGSWSGTEPSCQDSFMYDTPQEVAEAFLSSLTETIEGVDAEDGHGPGEQQKRKIVLDPSGSMNIYLVLDGSDSIGASNFTGAKKCLVNLIEKVASYGVKPRYGLVTYATYPKIWVKVSEADSSNADWVTKQLNEINYEDHKLKSGTNTKKALQAVYSMMSWPDDVPPEGWNRTRHVIILMTDGLHNMGGDPITVIDEIRDLLYIGKDRKNPREDYLDVYVFGVGPLVNQVNINALASKKDNEQHVFKVKDMENLEDVFYQMIDESQSLSLCGMVWEHRKGTDYHKQPWQAKISVIRPSKGHESCMGAVVSEYFVLTAAHCFTVDDKEHSIKVSVGGEKRDLEIEVVLFHPNYNINGKKEAGIPEFYDYDVALIKLKNKLKYGQTIRPICLPCTEGTTRALRLPPTTTCQQQKEELLPAQDIKALFVSEEEKKLTRKEVYIKNGDKKGSCERDAQYAPGYDKVKDISEVVTPRFLCTGGVSPYADPNTCRGDSGGPLIVHKRSRFIQVGVISWGVVDVCKNQKRQKQVPAHARDFHINLFQVLPWLKEKLQDEDLGFL
P13671,Complement component C6,C6,Homo sapiens (Human),MARRSVLYFILLNALINKGQACFCDHYAWTQWTSCSKTCNSGTQSRHRQIVVDKYYQENFCEQICSKQETRECNWQRCPINCLLGDFGPWSDCDPCIEKQSKVRSVLRPSQFGGQPCTAPLVAFQPCIPSKLCKIEEADCKNKFRCDSGRCIARKLECNGENDCGDNSDERDCGRTKAVCTRKYNPIPSVQLMGNGFHFLAGEPRGEVLDNSFTGGICKTVKSSRTSNPYRVPANLENVGFEVQTAEDDLKTDFYKDLTSLGHNENQQGSFSSQGGSSFSVPIFYSSKRSENINHNSAFKQAIQASHKKDSSFIRIHKVMKVLNFTTKAKDLHLSDVFLKALNHLPLEYNSALYSRIFDDFGTHYFTSGSLGGVYDLLYQFSSEELKNSGLTEEEAKHCVRIETKKRVLFAKKTKVEHRCTTNKLSEKHEGSFIQGAEKSISLIRGGRSEYGAALAWEKGSSGLEEKTFSEWLESVKENPAVIDFELAPIVDLVRNIPCAVTKRNNLRKALQEYAAKFDPCQCAPCPNNGRPTLSGTECLCVCQSGTYGENCEKQSPDYKSNAVDGQWGCWSSWSTCDATYKRSRTRECNNPAPQRGGKRCEGEKRQEEDCTFSIMENNGQPCINDDEEMKEVDLPEIEADSGCPQPVPPENGFIRNEKQLYLVGEDVEISCLTGFETVGYQYFRCLPDGTWRQGDVECQRTECIKPVVQEVLTITPFQRLYRIGESIELTCPKGFVVAGPSRYTCQGNSWTPPISNSLTCEKDTLTKLKGHCQLGQKQSGSECICMSPEEDCSHHSEDLCVFDTDSNDYFTSPACKFLAEKCLNNQQLHFLHIGSCQDGRQLEWGLERTRLSSNSTKKESCGYDTCYDWEKCSASTSKCVCLLPPQCFKGGNQLYCVKMGSSTSEKTLNICEVGTIRCANRKMEILHPGKCLA
P01011,Alpha-1-antichymotrypsin (ACT) (Cell growth-inhibiting gene 24/25 protein) (Serpin A3) [Cleaved into: Alpha-1-antichymotrypsin His-Pro-less],SERPINA3 AACT GIG24 GIG25,Homo sapiens (Human),MERMLPLLALGLLAAGFCPAVLCHPNSPLDEENLTQENQDRGTHVDLGLASANVDFAFSLYKQLVLKAPDKNVIFSPLSISTALAFLSLGAHNTTLTEILKGLKFNLTETSEAEIHQSFQHLLRTLNQSSDELQLSMGNAMFVKEQLSLLDRFTEDAKRLYGSEAFATDFQDSAAAKKLINDYVKNGTRGKITDLIKDLDSQTMMVLVNYIFFKAKWEMPFDPQDTHQSRFYLSKKKWVMVPMMSLHHLTIPYFRDEELSCTVVELKYTGNASALFILPDQDKMEEVEAMLLPETLKRWRDSLEFREIGELYLPKFSISRDYNLNDILLQLGIEEAFTSKADLSGITGARNLAVSQVVHKAVLDVFEEGTEASAATAVKITLLSALVETRTIVRFNRPFLMIIVPTDTQNIFFMSKVTNPKQA
P12259,"Coagulation factor V (Activated protein C cofactor) (Proaccelerin, labile factor) [Cleaved into: Coagulation factor V heavy chain; Coagulation factor V light chain]",F5,Homo sapiens (Human),MFPGCPRLWVLVVLGTSWVGWGSQGTEAAQLRQFYVAAQGISWSYRPEPTNSSLNLSVTSFKKIVYREYEPYFKKEKPQSTISGLLGPTLYAEVGDIIKVHFKNKADKPLSIHPQGIRYSKLSEGASYLDHTFPAEKMDDAVAPGREYTYEWSISEDSGPTHDDPPCLTHIYYSHENLIEDFNSGLIGPLLICKKGTLTEGGTQKTFDKQIVLLFAVFDESKSWSQSSSLMYTVNGYVNGTMPDITVCAHDHISWHLLGMSSGPELFSIHFNGQVLEQNHHKVSAITLVSATSTTANMTVGPEGKWIISSLTPKHLQAGMQAYIDIKNCPKKTRNLKKITREQRRHMKRWEYFIAAEEVIWDYAPVIPANMDKKYRSQHLDNFSNQIGKHYKKVMYTQYEDESFTKHTVNPNMKEDGILGPIIRAQVRDTLKIVFKNMASRPYSIYPHGVTFSPYEDEVNSSFTSGRNNTMIRAVQPGETYTYKWNILEFDEPTENDAQCLTRPYYSDVDIMRDIASGLIGLLLICKSRSLDRRGIQRAADIEQQAVFAVFDENKSWYLEDNINKFCENPDEVKRDDPKFYESNIMSTINGYVPESITTLGFCFDDTVQWHFCSVGTQNEILTIHFTGHSFIYGKRHEDTLTLFPMRGESVTVTMDNVGTWMLTSMNSSPRSKKLRLKFRDVKCIPDDDEDSYEIFEPPESTVMATRKMHDRLEPEDEESDADYDYQNRLAAALGIRSFRNSSLNQEEEEFNLTALALENGTEFVSSNTDIIVGSNYSSPSNISKFTVNNLAEPQKAPSHQQATTAGSPLRHLIGKNSVLNSSTAEHSSPYSEDPIEDPLQPDVTGIRLLSLGAGEFKSQEHAKHKGPKVERDQAAKHRFSWMKLLAHKVGRHLSQDTGSPSGMRPWEDLPSQDTGSPSRMRPWKDPPSDLLLLKQSNSSKILVGRWHLASEKGSYEIIQDTDEDTAVNNWLISPQNASRAWGESTPLANKPGKQSGHPKFPRVRHKSLQVRQDGGKSRLKKSQFLIKTRKKKKEKHTHHAPLSPRTFHPLRSEAYNTFSERRLKHSLVLHKSNETSLPTDLNQTLPSMDFGWIASLPDHNQNSSNDTGQASCPPGLYQTVPPEEHYQTFPIQDPDQMHSTSDPSHRSSSPELSEMLEYDRSHKSFPTDISQMSPSSEHEVWQTVISPDLSQVTLSPELSQTNLSPDLSHTTLSPELIQRNLSPALGQMPISPDLSHTTLSPDLSHTTLSLDLSQTNLSPELSQTNLSPALGQMPLSPDLSHTTLSLDFSQTNLSPELSHMTLSPELSQTNLSPALGQMPISPDLSHTTLSLDFSQTNLSPELSQTNLSPALGQMPLSPDPSHTTLSLDLSQTNLSPELSQTNLSPDLSEMPLFADLSQIPLTPDLDQMTLSPDLGETDLSPNFGQMSLSPDLSQVTLSPDISDTTLLPDLSQISPPPDLDQIFYPSESSQSLLLQEFNESFPYPDLGQMPSPSSPTLNDTFLSKEFNPLVIVGLSKDGTDYIEIIPKEEVQSSEDDYAEIDYVPYDDPYKTDVRTNINSSRDPDNIAAWYLRSNNGNRRNYYIAAEEISWDYSEFVQRETDIEDSDDIPEDTTYKKVVFRKYLDSTFTKRDPRGEYEEHLGILGPIIRAEVDDVIQVRFKNLASRPYSLHAHGLSYEKSSEGKTYEDDSPEWFKEDNAVQPNSSYTYVWHATERSGPESPGSACRAWAYYSAVNPEKDIHSGLIGPLLICQKGILHKDSNMPMDMREFVLLFMTFDEKKSWYYEKKSRSSWRLTSSEMKKSHEFHAINGMIYSLPGLKMYEQEWVRLHLLNIGGSQDIHVVHFHGQTLLENGNKQHQLGVWPLLPGSFKTLEMKASKPGWWLLNTEVGENQRAGMQTPFLIMDRDCRMPMGLSTGIISDSQIKASEFLGYWEPRLARLNNGGSYNAWSVEKLAAEFASKPWIQVDMQKEVIITGIQTQGAKHYLKSCYTTEFYVAYSSNQINWQIFKGNSTRNVMYFNGNSDASTIKENQFDPPIVARYIRISPTRAYNRPTLRLELQGCEVNGCSTPLGMENGKIENKQITASSFKKSWWGDYWEPFRARLNAQGRVNAWQAKANNNKQWLEIDLLKIKKITAIITQGCKSLSSEMYVKSYTIHYSEQGVEWKPYRLKSSMVDKIFEGNTNTKGHVKNFFNPPIISRFIRVIPKTWNQSIALRLELFGCDIY
P04003,C4b-binding protein alpha chain (C4bp) (Proline-rich protein) (PRP),C4BPA C4BP,Homo sapiens (Human),MHPPKTPSGALHRKRKMAAWPFSRLWKVSDPILFQMTLIAALLPAVLGNCGPPPTLSFAAPMDITLTETRFKTGTTLKYTCLPGYVRSHSTQTLTCNSDGEWVYNTFCIYKRCRHPGELRNGQVEIKTDLSFGSQIEFSCSEGFFLIGSTTSRCEVQDRGVGWSHPLPQCEIVKCKPPPDIRNGRHSGEENFYAYGFSVTYSCDPRFSLLGHASISCTVENETIGVWRPSPPTCEKITCRKPDVSHGEMVSGFGPIYNYKDTIVFKCQKGFVLRGSSVIHCDADSKWNPSPPACEPNSCINLPDIPHASWETYPRPTKEDVYVVGTVLRYRCHPGYKPTTDEPTTVICQKNLRWTPYQGCEALCCPEPKLNNGEITQHRKSRPANHCVYFYGDEISFSCHETSRFSAICQGDGTWSPRTPSCGDICNFPPKIAHGHYKQSSSYSFFKEEIIYECDKGYILVGQAKLSCSYSHWSAPAPQCKALCRKPELVNGRLSVDKDQYVEPENVTIQCDSGYGVVGPQSITCSGNRTWYPEVPKCEWETPEGCEQVLTGKRLMQCLPNPEDVKMALEVYKLSLEIEQLELQRDSARQSTLDKEL
P02671,Fibrinogen alpha chain [Cleaved into: Fibrinopeptide A; Fibrinogen alpha chain],FGA,Homo sapiens (Human),MFSMRIVCLVLSVVGTAWTADSGEGDFLAEGGGVRGPRVVERHQSACKDSDWPFCSDEDWNYKCPSGCRMKGLIDEVNQDFTNRINKLKNSLFEYQKNNKDSHSLTTNIMEILRGDFSSANNRDNTYNRVSEDLRSRIEVLKRKVIEKVQHIQLLQKNVRAQLVDMKRLEVDIDIKIRSCRGSCSRALAREVDLKDYEDQQKQLEQVIAKDLLPSRDRQHLPLIKMKPVPDLVPGNFKSQLQKVPPEWKALTDMPQMRMELERPGGNEITRGGSTSYGTGSETESPRNPSSAGSWNSGSSGPGSTGNRNPGSSGTGGTATWKPGSSGPGSTGSWNSGSSGTGSTGNQNPGSPRPGSTGTWNPGSSERGSAGHWTSESSVSGSTGQWHSESGSFRPDSPGSGNARPNNPDWGTFEEVSGNVSPGTRREYHTEKLVTSKGDKELRTGKEKVTSGSTTTTRRSCSKTVTKTVIGPDGHKEVTKEVVTSEDGSDCPEAMDLGTLSGIGTLDGFRHRHPDEAAFFDTASTGKTFPGFFSPMLGEFVSETESRGSESGIFTNTKESSSHHPGIAEFPSRGKSSSYSKQFTSSTSYNRGDSTFESKSYKMADEAGSEADHEGTHSTKRGHAKSRPVRDCDDVLQTHPSGTQSGIFNIKLPGSSKIFSVYCDQETSLGGWLLIQQRMDGSLNFNRTWQDYKRGFGSLNDEGEGEFWLGNDYLHLLTQRGSVLRVELEDWAGNEAYAEYHFRVGSEAEGYALQVSSYEGTAGDALIEGSVEEGAEYTSHNNMQFSTFDRDADQWEENCAEVYGGGWWYNNCQAANLNGIYYPGGSYDPRNNSPYEIENGVVWVSFRGADYSLRAVRMKIRPLVTQ
Q06033,Inter-alpha-trypsin inhibitor heavy chain H3 (ITI heavy chain H3) (ITI-HC3) (Inter-alpha-inhibitor heavy chain 3) (Serum-derived hyaluronan-associated protein) (SHAP),ITIH3,Homo sapiens (Human),MAFAWWPCLILALLSSLAASGFPRSPFRLLGKRSLPEGVANGIEVYSTKINSKVTSRFAHNVVTMRAVNRADTAKEVSFDVELPKTAFITNFTLTIDGVTYPGNVKEKEVAKKQYEKAVSQGKTAGLVKASGRKLEKFTVSVNVAAGSKVTFELTYEELLKRHKGKYEMYLKVQPKQLVKHFEIEVDIFEPQGISMLDAEASFITNDLLGSALTKSFSGKKGHVSFKPSLDQQRSCPTCTDSLLNGDFTITYDVNRESPGNVQIVNGYFVHFFAPQGLPVVPKNVAFVIDISGSMAGRKLEQTKEALLRILEDMQEEDYLNFILFSGDVSTWKEHLVQATPENLQEARTFVKSMEDKGMTNINDGLLRGISMLNKAREEHRIPERSTSIVIMLTDGDANVGESRPEKIQENVRNAIGGKFPLYNLGFGNNLNYNFLENMALENHGFARRIYEDSDADLQLQGFYEEVANPLLTGVEMEYPENAILDLTQNTYQHFYDGSEIVVAGRLVDEDMNSFKADVKGHGATNDLTFTEEVDMKEMEKALQERDYIFGNYIERLWAYLTIEQLLEKRKNAHGEEKENLTARALDLSLKYHFVTPLTSMVVTKPEDNEDERAIADKPGEDAEATPVSPAMSYLTSYQPPQNPYYYVDGDPHFIIQIPEKDDALCFNIDEAPGTVLRLIQDAVTGLTVNGQITGDKRGSPDSKTRKTYFGKLGIANAQMDFQVEVTTEKITLWNRAVPSTFSWLDTVTVTQDGLSMMINRKNMVVSFGDGVTFVVVLHQVWKKHPVHRDFLGFYVVDSHRMSAQTHGLLGQFFQPFDFKVSDIRPGSDPTKPDATLVVKNHQLIVTRGSQKDYRKDASIGTKVVCWFVHNNGEGLIDGVHTDYIVPNLF
P06681,Complement C2 (EC 3.4.21.43) (C3/C5 convertase) [Cleaved into: Complement C2b fragment; Complement C2a fragment],C2,Homo sapiens (Human),MGPLMVLFCLLFLYPGLADSAPSCPQNVNISGGTFTLSHGWAPGSLLTYSCPQGLYPSPASRLCKSSGQWQTPGATRSLSKAVCKPVRCPAPVSFENGIYTPRLGSYPVGGNVSFECEDGFILRGSPVRQCRPNGMWDGETAVCDNGAGHCPNPGISLGAVRTGFRFGHGDKVRYRCSSNLVLTGSSERECQGNGVWSGTEPICRQPYSYDFPEDVAPALGTSFSHMLGATNPTQKTKESLGRKIQIQRSGHLNLYLLLDCSQSVSENDFLIFKESASLMVDRIFSFEINVSVAIITFASEPKVLMSVLNDNSRDMTEVISSLENANYKDHENGTGTNTYAALNSVYLMMNNQMRLLGMETMAWQEIRHAIILLTDGKSNMGGSPKTAVDHIREILNINQKRNDYLDIYAIGVGKLDVDWRELNELGSKKDGERHAFILQDTKALHQVFEHMLDVSKLTDTICGVGNMSANASDQERTPWHVTIKPKSQETCRGALISDQWVLTAAHCFRDGNDHSLWRVNVGDPKSQWGKEFLIEKAVISPGFDVFAKKNQGILEFYGDDIALLKLAQKVKMSTHARPICLPCTMEANLALRRPQGSTCRDHENELLNKQSVPAHFVALNGSKLNINLKMGVEWTSCAEVVSQEKTMFPNLTDVREVVTDQFLCSGTQEDESPCKGESGGAVFLERRFRFFQVGLVSWGLYNPCLGSADKNSRKRAPRSKVPPPRDFHINLFRMQPWLRQHLGDVLNFLPL
P05156,Complement factor I (EC 3.4.21.45) (C3B/C4B inactivator) [Cleaved into: Complement factor I heavy chain; Complement factor I light chain],CFI IF,Homo sapiens (Human),MKLLHVFLLFLCFHLRFCKVTYTSQEDLVEKKCLAKKYTHLSCDKVFCQPWQRCIEGTCVCKLPYQCPKNGTAVCATNRRSFPTYCQQKSLECLHPGTKFLNNGTCTAEGKFSVSLKHGNTDSEGIVEVKLVDQDKTMFICKSSWSMREANVACLDLGFQQGADTQRRFKLSDLSINSTECLHVHCRGLETSLAECTFTKRRTMGYQDFADVVCYTQKADSPMDDFFQCVNGKYISQMKACDGINDCGDQSDELCCKACQGKGFHCKSGVCIPSQYQCNGEVDCITGEDEVGCAGFASVTQEETEILTADMDAERRRIKSLLPKLSCGVKNRMHIRRKRIVGGKRAQLGDLPWQVAIKDASGITCGGIYIGGCWILTAAHCLRASKTHRYQIWTTVVDWIHPDLKRIVIEYVDRIIFHENYNAGTYQNDIALIEMKKDGNKKDCELPRSIPACVPWSPYLFQPNDTCIVSGWGREKDNERVFSLQWGEVKLISNCSKFYGNRFYEKEMECAGTYDGSIDACKGDSGGPLVCMDANNVTYVWGVVSWGENCGKPEFPGVYTKVANYFDWISYHVGRPFISQYNV
P05155,Plasma protease C1 inhibitor (C1 Inh) (C1Inh) (C1 esterase inhibitor) (C1-inhibiting factor) (Serpin G1),SERPING1 C1IN C1NH,Homo sapiens (Human),MASRLTLLTLLLLLLAGDRASSNPNATSSSSQDPESLQDRGEGKVATTVISKMLFVEPILEVSSLPTTNSTTNSATKITANTTDEPTTQPTTEPTTQPTIQPTQPTTQLPTDSPTQPTTGSFCPGPVTLCSDLESHSTEAVLGDALVDFSLKLYHAFSAMKKVETNMAFSPFSIASLLTQVLLGAGENTKTNLESILSYPKDFTCVHQALKGFTTKGVTSVSQIFHSPDLAIRDTFVNASRTLYSSSPRVLSNNSDANLELINTWVAKNTNNKISRLLDSLPSDTRLVLLNAIYLSAKWKTTFDPKKTRMEPFHFKNSVIKVPMMNSKKYPVAHFIDQTLKAKVGQLQLSHNLSLVILVPQNLKHRLEDMEQALSPSVFKAIMEKLEMSKFQPTLLTLPRIKVTTSQDMLSIMEKLEFFDFSYDLNLCGLTEDPDLQVSAMQHQTVLELTETGVEAAAASAISVARTLLVFEVQQPFLFVLWDQQHKFPVFMGRVYDPRA
P07357,Complement component C8 alpha chain (Complement component 8 subunit alpha),C8A,Homo sapiens (Human),MFAVVFFILSLMTCQPGVTAQEKVNQRVRRAATPAAVTCQLSNWSEWTDCFPCQDKKYRHRSLLQPNKFGGTICSGDIWDQASCSSSTTCVRQAQCGQDFQCKETGRCLKRHLVCNGDQDCLDGSDEDDCEDVRAIDEDCSQYEPIPGSQKAALGYNILTQEDAQSVYDASYYGGQCETVYNGEWRELRYDSTCERLYYGDDEKYFRKPYNFLKYHFEALADTGISSEFYDNANDLLSKVKKDKSDSFGVTIGIGPAGSPLLVGVGVSHSQDTSFLNELNKYNEKKFIFTRIFTKVQTAHFKMRKDDIMLDEGMLQSLMELPDQYNYGMYAKFINDYGTHYITSGSMGGIYEYILVIDKAKMESLGITSRDITTCFGGSLGIQYEDKINVGGGLSGDHCKKFGGGKTERARKAMAVEDIISRVRGGSSGWSGGLAQNRSTITYRSWGRSLKYNPVVIDFEMQPIHEVLRHTSLGPLEAKRQNLRRALDQYLMEFNACRCGPCFNNGVPILEGTSCRCQCRLGSLGAACEQTQTEGAKADGSWSCWSSWSVCRAGIQERRRECDNPAPQNGGASCPGRKVQTQAC
P02748,Complement component C9 [Cleaved into: Complement component C9a; Complement component C9b],C9,Homo sapiens (Human),MSACRSFAVAICILEISILTAQYTTSYDPELTESSGSASHIDCRMSPWSEWSQCDPCLRQMFRSRSIEVFGQFNGKRCTDAVGDRRQCVPTEPCEDAEDDCGNDFQCSTGRCIKMRLRCNGDNDCGDFSDEDDCESEPRPPCRDRVVEESELARTAGYGINILGMDPLSTPFDNEFYNGLCNRDRDGNTLTYYRRPWNVASLIYETKGEKNFRTEHYEEQIEAFKSIIQEKTSNFNAAISLKFTPTETNKAEQCCEETASSISLHGKGSFRFSYSKNETYQLFLSYSSKKEKMFLHVKGEIHLGRFVMRNRDVVLTTTFVDDIKALPTTYEKGEYFAFLETYGTHYSSSGSLGGLYELIYVLDKASMKRKGVELKDIKRCLGYHLDVSLAFSEISVGAEFNKDDCVKRGEGRAVNITSENLIDDVVSLIRGGTRKYAFELKEKLLRGTVIDVTDFVNWASSINDAPVLISQKLSPIYNLVPVKMKNAHLKKQNLERAIEDYINEFSVRKCHTCQNGGTVILMDGKCLCACPFKFEGIACEISKQKISEGLPALEFPNEK
P02763,Alpha-1-acid glycoprotein 1 (AGP 1) (Orosomucoid-1) (OMD 1),ORM1 AGP1,Homo sapiens (Human),MALSWVLTVLSLLPLLEAQIPLCANLVPVPITNATLDRITGKWFYIASAFRNEEYNKSVQEIQATFFYFTPNKTEDTIFLREYQTRQDQCIYNTTYLNVQRENGTISRYVGGQEHFAHLLILRDTKTYMLAFDVNDEKNWGLSVYADKPETTKEQLGEFYEALDCLRIPKSDVVYTDWKKDKCEPLEKQHEKERKQEEGES
P13796,Plastin-2 (L-plastin) (LC64P) (Lymphocyte cytosolic protein 1) (LCP-1),LCP1 PLS2,Homo sapiens (Human),MARGSVSDEEMMELREAFAKVDTDGNGYISFNELNDLFKAACLPLPGYRVREITENLMATGDLDQDGRISFDEFIKIFHGLKSTDVAKTFRKAINKKEGICAIGGTSEQSSVGTQHSYSEEEKYAFVNWINKALENDPDCRHVIPMNPNTNDLFNAVGDGIVLCKMINLSVPDTIDERTINKKKLTPFTIQENLNLALNSASAIGCHVVNIGAEDLKEGKPYLVLGLLWQVIKIGLFADIELSRNEALIALLREGESLEDLMKLSPEELLLRWANYHLENAGCNKIGNFSTDIKDSKAYYHLLEQVAPKGDEEGVPAVVIDMSGLREKDDIQRAECMLQQAERLGCRQFVTATDVVRGNPKLNLAFIANLFNRYPALHKPENQDIDWGALEGETREERTFRNWMNSLGVNPRVNHLYSDLSDALVIFQLYEKIKVPVDWNRVNKPPYPKLGGNMKKLENCNYAVELGKNQAKFSLVGIGGQDLNEGNRTLTLALIWQLMRRYTLNILEEIGGGQKVNDDIIVNWVNETLREAKKSSSISSFKDPKISTSLPVLDLIDAIQPGSINYDLLKTENLNDDEKLNNAKYAISMARKIGARVYALPEDLVEVNPKMVMTVFACLMGKGMKRV
Q14520,Hyaluronan-binding protein 2 (EC 3.4.21.-) (Factor VII-activating protease) (Factor seven-activating protease) (FSAP) (Hepatocyte growth factor activator-like protein) (Plasma hyaluronan-binding protein) [Cleaved into: Hyaluronan-binding protein 2 50 kDa heavy chain; Hyaluronan-binding protein 2 50 kDa heavy chain alternate form; Hyaluronan-binding protein 2 27 kDa light chain; Hyaluronan-binding protein 2 27 kDa light chain alternate form],HABP2 HGFAL PHBP,Homo sapiens (Human),MFARMSDLHVLLLMALVGKTACGFSLMSLLESLDPDWTPDQYDYSYEDYNQEENTSSTLTHAENPDWYYTEDQADPCQPNPCEHGGDCLVHGSTFTCSCLAPFSGNKCQKVQNTCKDNPCGRGQCLITQSPPYYRCVCKHPYTGPSCSQVVPVCRPNPCQNGATCSRHKRRSKFTCACPDQFKGKFCEIGSDDCYVGDGYSYRGKMNRTVNQHACLYWNSHLLLQENYNMFMEDAETHGIGEHNFCRNPDADEKPWCFIKVTNDKVKWEYCDVSACSAQDVAYPEESPTEPSTKLPGFDSCGKTEIAERKIKRIYGGFKSTAGKHPWQASLQSSLPLTISMPQGHFCGGALIHPCWVLTAAHCTDIKTRHLKVVLGDQDLKKEEFHEQSFRVEKIFKYSHYNERDEIPHNDIALLKLKPVDGHCALESKYVKTVCLPDGSFPSGSECHISGWGVTETGKGSRQLLDAKVKLIANTLCNSRQLYDHMIDDSMICAGNLQKPGQDTCQGDSGGPLTCEKDGTYYVYGIVSWGLECGKRPGVYTQVTKFLNWIKATIKSESGF
P19652,Alpha-1-acid glycoprotein 2 (AGP 2) (Orosomucoid-2) (OMD 2),ORM2 AGP2,Homo sapiens (Human),MALSWVLTVLSLLPLLEAQIPLCANLVPVPITNATLDRITGKWFYIASAFRNEEYNKSVQEIQATFFYFTPNKTEDTIFLREYQTRQNQCFYNSSYLNVQRENGTVSRYEGGREHVAHLLFLRDTKTLMFGSYLDDEKNWGLSFYADKPETTKEQLGEFYEALDCLCIPRSDVMYTDWKKDKCEPLEKQHEKERKQEEGES
P04004,Vitronectin (VN) (S-protein) (Serum-spreading factor) (V75) [Cleaved into: Vitronectin V65 subunit; Vitronectin V10 subunit; Somatomedin-B],VTN,Homo sapiens (Human),MAPLRPLLILALLAWVALADQESCKGRCTEGFNVDKKCQCDELCSYYQSCCTDYTAECKPQVTRGDVFTMPEDEYTVYDDGEEKNNATVHEQVGGPSLTSDLQAQSKGNPEQTPVLKPEEEAPAPEVGASKPEGIDSRPETLHPGRPQPPAEEELCSGKPFDAFTDLKNGSLFAFRGQYCYELDEKAVRPGYPKLIRDVWGIEGPIDAAFTRINCQGKTYLFKGSQYWRFEDGVLDPDYPRNISDGFDGIPDNVDAALALPAHSYSGRERVYFFKGKQYWEYQFQHQPSQEECEGSSLSAVFEHFAMMQRDSWEDIFELLFWGRTSAGTRQPQFISRDWHGVPGQVDAAMAGRIYISGMAPRPSLAKKQRFRHRNRKGYRSQRGHSRGRNQNSRRPSRATWLSLFSSEESNLGANNYDDYRMDWLVPATCEPIQSVFFFSGDKYYRVNLRTRRVDTVDPPYPRSIAQYWLGCPAPGHL
Q08380,Galectin-3-binding protein (Basement membrane autoantigen p105) (Lectin galactoside-binding soluble 3-binding protein) (Mac-2-binding protein) (MAC2BP) (Mac-2 BP) (Tumor-associated antigen 90K),LGALS3BP M2BP,Homo sapiens (Human),MTPPRLFWVWLLVAGTQGVNDGDMRLADGGATNQGRVEIFYRGQWGTVCDNLWDLTDASVVCRALGFENATQALGRAAFGQGSGPIMLDEVQCTGTEASLADCKSLGWLKSNCRHERDAGVVCTNETRSTHTLDLSRELSEALGQIFDSQRGCDLSISVNVQGEDALGFCGHTVILTANLEAQALWKEPGSNVTMSVDAECVPMVRDLLRYFYSRRIDITLSSVKCFHKLASAYGARQLQGYCASLFAILLPQDPSFQMPLDLYAYAVATGDALLEKLCLQFLAWNFEALTQAEAWPSVPTDLLQLLLPRSDLAVPSELALLKAVDTWSWGERASHEEVEGLVEKIRFPMMLPEELFELQFNLSLYWSHEALFQKKTLQALEFHTVPFQLLARYKGLNLTEDTYKPRIYTSPTWSAFVTDSSWSARKSQLVYQSRRGPLVKYSSDYFQAPSDYRYYPYQSFQTPQHPSFLFQDKRVSWSLVYLPTIQSCWNYGFSCSSDELPVLGLTKSGGSDRTIAYENKALMLCEGLFVADVTDFEGWKAAIPSALDTNSSKSTSSFPCPAGHFNGFRTVIRPFYLTNSSGVD
Q92954,Proteoglycan 4 (Lubricin) (Megakaryocyte-stimulating factor) (Superficial zone proteoglycan) [Cleaved into: Proteoglycan 4 C-terminal part],PRG4 MSF SZP,Homo sapiens (Human),MAWKTLPIYLLLLLSVFVIQQVSSQDLSSCAGRCGEGYSRDATCNCDYNCQHYMECCPDFKRVCTAELSCKGRCFESFERGRECDCDAQCKKYDKCCPDYESFCAEVHNPTSPPSSKKAPPPSGASQTIKSTTKRSPKPPNKKKTKKVIESEEITEEHSVSENQESSSSSSSSSSSSTIRKIKSSKNSAANRELQKKLKVKDNKKNRTKKKPTPKPPVVDEAGSGLDNGDFKVTTPDTSTTQHNKVSTSPKITTAKPINPRPSLPPNSDTSKETSLTVNKETTVETKETTTTNKQTSTDGKEKTTSAKETQSIEKTSAKDLAPTSKVLAKPTPKAETTTKGPALTTPKEPTPTTPKEPASTTPKEPTPTTIKSAPTTPKEPAPTTTKSAPTTPKEPAPTTTKEPAPTTPKEPAPTTTKEPAPTTTKSAPTTPKEPAPTTPKKPAPTTPKEPAPTTPKEPTPTTPKEPAPTTKEPAPTTPKEPAPTAPKKPAPTTPKEPAPTTPKEPAPTTTKEPSPTTPKEPAPTTTKSAPTTTKEPAPTTTKSAPTTPKEPSPTTTKEPAPTTPKEPAPTTPKKPAPTTPKEPAPTTPKEPAPTTTKKPAPTTPKEPAPTTPKETAPTTPKKLTPTTPEKLAPTTPEKPAPTTPEELAPTTPEEPTPTTPEEPAPTTPKAAAPNTPKEPAPTTPKEPAPTTPKEPAPTTPKETAPTTPKGTAPTTLKEPAPTTPKKPAPKELAPTTTKEPTSTTSDKPAPTTPKGTAPTTPKEPAPTTPKEPAPTTPKGTAPTTLKEPAPTTPKKPAPKELAPTTTKGPTSTTSDKPAPTTPKETAPTTPKEPAPTTPKKPAPTTPETPPPTTSEVSTPTTTKEPTTIHKSPDESTPELSAEPTPKALENSPKEPGVPTTKTPAATKPEMTTTAKDKTTERDLRTTPETTTAAPKMTKETATTTEKTTESKITATTTQVTSTTTQDTTPFKITTLKTTTLAPKVTTTKKTITTTEIMNKPEETAKPKDRATNSKATTPKPQKPTKAPKKPTSTKKPKTMPRVRKPKTTPTPRKMTSTMPELNPTSRIAEAMLQTTTRPNQTPNSKLVEVNPKSEDAGGAEGETPHMLLRPHVFMPEVTPDMDYLPRVPNQGIIINPMLSDETNICNGKPVDGLTTLRNGTLVAFRGHYFWMLSPFSPPSPARRITEVWGIPSPIDTVFTRCNCEGKTFFFKDSQYWRFTNDIKDAGYPKPIFKGFGGLTGQIVAALSTAKYKNWPESVYFFKRGGSIQQYIYKQEPVQKCPGRRPALNYPVYGETTQVRRRRFERAIGPSQTHTIRIQYSPARLAYQDKGVLHNEVKVSILWRGLPNVVTSAISLPNIRKPDGYDYYAFSKDQYYNIDVPSRTARAITTRSGQTLSKVWYNCP
P01019,Angiotensinogen (Serpin A8) [Cleaved into: Angiotensin-1 (Angiotensin 1-10) (Angiotensin I) (Ang I); Angiotensin-2 (Angiotensin 1-8) (Angiotensin II) (Ang II); Angiotensin-3 (Angiotensin 2-8) (Angiotensin III) (Ang III) (Des-Asp[1]-angiotensin II); Angiotensin-4 (Angiotensin 3-8) (Angiotensin IV) (Ang IV); Angiotensin 1-9; Angiotensin 1-7; Angiotensin 1-5; Angiotensin 1-4],AGT SERPINA8,Homo sapiens (Human),MRKRAPQSEMAPAGVSLRATILCLLAWAGLAAGDRVYIHPFHLVIHNESTCEQLAKANAGKPKDPTFIPAPIQAKTSPVDEKALQDQLVLVAAKLDTEDKLRAAMVGMLANFLGFRIYGMHSELWGVVHGATVLSPTAVFGTLASLYLGALDHTADRLQAILGVPWKDKNCTSRLDAHKVLSALQAVQGLLVAQGRADSQAQLLLSTVVGVFTAPGLHLKQPFVQGLALYTPVVLPRSLDFTELDVAAEKIDRFMQAVTGWKTGCSLMGASVDSTLAFNTYVHFQGKMKGFSLLAEPQEFWVDNSTSVSVPMLSGMGTFQHWSDIQDNFSVTQVPFTESACLLLIQPHYASDLDKVEGLTFQQNSLNWMKKLSPRTIHLTMPQLVLQGSYDLQDLLAQAELPAILHTELNLQKLSNDRIRVGEVLNSIFFELEADEREPTESTQQLNKPEVLEVTLNRPFLFAVYDQSATALHFLGRVANPLSTA
Q9BXR6,Complement factor H-related protein 5 (FHR-5),CFHR5 CFHL5 FHR5,Homo sapiens (Human),MLLLFSVILISWVSTVGGEGTLCDFPKIHHGFLYDEEDYNPFSQVPTGEVFYYSCEYNFVSPSKSFWTRITCTEEGWSPTPKCLRMCSFPFVKNGHSESSGLIHLEGDTVQIICNTGYSLQNNEKNISCVERGWSTPPICSFTKGECHVPILEANVDAQPKKESYKVGDVLKFSCRKNLIRVGSDSVQCYQFGWSPNFPTCKGQVRSCGPPPQLSNGEVKEIRKEEYGHNEVVEYDCNPNFIINGPKKIQCVDGEWTTLPTCVEQVKTCGYIPELEYGYVQPSVPPYQHGVSVEVNCRNEYAMIGNNMITCINGIWTELPMCVATHQLKRCKIAGVNIKTLLKLSGKEFNHNSRIRYRCSDIFRYRHSVCINGKWNPEVDCTEKREQFCPPPPQIPNAQNMTTTVNYQDGEKVAVLCKENYLLPEAKEIVCKDGRWQSLPRCVESTAYCGPPPSINNGDTTSFPLSVYPPGSTVTYRCQSFYKLQGSVTVTCRNKQWSEPPRCLDPCVVSEENMNKNNIQLKWRNDGKLYAKTGDAVEFQCKFPHKAMISSPPFRAICQEGKFEYPICE
O14791,Apolipoprotein L1 (Apolipoprotein L) (Apo-L) (ApoL) (Apolipoprotein L-I) (ApoL-I),APOL1 APOL,Homo sapiens (Human),MEGAALLRVSVLCIWMSALFLGVGVRAEEAGARVQQNVPSGTDTGDPQSKPLGDWAAGTMDPESSIFIEDAIKYFKEKVSTQNLLLLLTDNEAWNGFVAAAELPRNEADELRKALDNLARQMIMKDKNWHDKGQQYRNWFLKEFPRLKSELEDNIRRLRALADGVQKVHKGTTIANVVSGSLSISSGILTLVGMGLAPFTEGGSLVLLEPGMELGITAALTGITSSTMDYGKKWWTQAQAHDLVIKSLDKLKEVREFLGENISNFLSLAGNTYQLTRGIGKDIRALRRARANLQSVPHASASRPRVTEPISAESGEQVERVNEPSILEMSRGVKLTDVAPVSFFLVLDVVYLVYESKHLHEGAKSETAEELKKVAQELEEKLNILNNNYKILQADQEL
P03951,Coagulation factor XI (FXI) (EC 3.4.21.27) (Plasma thromboplastin antecedent) (PTA) [Cleaved into: Coagulation factor XIa heavy chain; Coagulation factor XIa light chain],F11,Homo sapiens (Human),MIFLYQVVHFILFTSVSGECVTQLLKDTCFEGGDITTVFTPSAKYCQVVCTYHPRCLLFTFTAESPSEDPTRWFTCVLKDSVTETLPRVNRTAAISGYSFKQCSHQISACNKDIYVDLDMKGINYNSSVAKSAQECQERCTDDVHCHFFTYATRQFPSLEHRNICLLKHTQTGTPTRITKLDKVVSGFSLKSCALSNLACIRDIFPNTVFADSNIDSVMAPDAFVCGRICTHHPGCLFFTFFSQEWPKESQRNLCLLKTSESGLPSTRIKKSKALSGFSLQSCRHSIPVFCHSSFYHDTDFLGEELDIVAAKSHEACQKLCTNAVRCQFFTYTPAQASCNEGKGKCYLKLSSNGSPTKILHGRGGISGYTLRLCKMDNECTTKIKPRIVGGTASVRGEWPWQVTLHTTSPTQRHLCGGSIIGNQWILTAAHCFYGVESPKILRVYSGILNQSEIKEDTSFFGVQEIIIHDQYKMAESGYDIALLKLETTVNYTDSQRPICLPSKGDRNVIYTDCWVTGWGYRKLRDKIQNTLQKAKIPLVTNEECQKRYRGHKITHKMICAGYREGGKDACKGDSGGPLSCKHNEVWHLVGITSWGEGCAQRERPGVYTNVVEYVDWILEKTQAV
P08185,Corticosteroid-binding globulin (CBG) (Serpin A6) (Transcortin),SERPINA6 CBG,Homo sapiens (Human),MPLLLYTCLLWLPTSGLWTVQAMDPNAAYVNMSNHHRGLASANVDFAFSLYKHLVALSPKKNIFISPVSISMALAMLSLGTCGHTRAQLLQGLGFNLTERSETEIHQGFQHLHQLFAKSDTSLEMTMGNALFLDGSLELLESFSADIKHYYESEVLAMNFQDWATASRQINSYVKNKTQGKIVDLFSGLDSPAILVLVNYIFFKGTWTQPFDLASTREENFYVDETTVVKVPMMLQSSTISYLHDSELPCQLVQMNYVGNGTVFFILPDKGKMNTVIAALSRDTINRWSAGLTSSQVDLYIPKVTISGVYDLGDVLEEMGIADLFTNQANFSRITQDAQLKSSKVVHKAVLQLNEEGVDTAGSTGVTLNLTSKPIILRFNQPFIIMIFDHFTWSSLFLARVMNPV
P02750,Leucine-rich alpha-2-glycoprotein (LRG),LRG1 LRG,Homo sapiens (Human),MSSWSRQRPKSPGGIQPHVSRTLFLLLLLAASAWGVTLSPKDCQVFRSDHGSSISCQPPAEIPGYLPADTVHLAVEFFNLTHLPANLLQGASKLQELHLSSNGLESLSPEFLRPVPQLRVLDLTRNALTGLPPGLFQASATLDTLVLKENQLEVLEVSWLHGLKALGHLDLSGNRLRKLPPGLLANFTLLRTLDLGENQLETLPPDLLRGPLQLERLHLEGNKLQVLGKDLLLPQPDLRYLFLNGNKLARVAAGAFQGLRQLDMLDLSNNSLASVPEGLWASLGQPNWDMRDGFDISGNPWICDQNLSDLYRWLQAQKDKMFSQNDTRCAGPEAVKGQTLLAVAKSQ
P15169,Carboxypeptidase N catalytic chain (CPN) (EC 3.4.17.3) (Anaphylatoxin inactivator) (Arginine carboxypeptidase) (Carboxypeptidase N polypeptide 1) (Carboxypeptidase N small subunit) (Kininase-1) (Lysine carboxypeptidase) (Plasma carboxypeptidase B) (Serum carboxypeptidase N) (SCPN),CPN1 ACBP,Homo sapiens (Human),MSDLLSVFLHLLLLFKLVAPVTFRHHRYDDLVRTLYKVQNECPGITRVYSIGRSVEGRHLYVLEFSDHPGIHEPLEPEVKYVGNMHGNEALGRELMLQLSEFLCEEFRNRNQRIVQLIQDTRIHILPSMNPDGYEVAAAQGPNKPGYLVGRNNANGVDLNRNFPDLNTYIYYNEKYGGPNHHLPLPDNWKSQVEPETRAVIRWMHSFNFVLSANLHGGAVVANYPYDKSFEHRVRGVRRTASTPTPDDKLFQKLAKVYSYAHGWMFQGWNCGDYFPDGITNGASWYSLSKGMQDFNYLHTNCFEITLELSCDKFPPEEELQREWLGNREALIQFLEQVHQGIKGMVLDENYNNLANAVISVSGINHDVTSGDHGDYFRLLLPGIYTVSATAPGYDPETVTVTVGPAEPTLVNFHLKRSIPQVSPVRRAPSRRHGVRAKVQPQARKKEMEMRQLQRGPA
P22792,Carboxypeptidase N subunit 2 (Carboxypeptidase N 83 kDa chain) (Carboxypeptidase N large subunit) (Carboxypeptidase N polypeptide 2) (Carboxypeptidase N regulatory subunit),CPN2 ACBP,Homo sapiens (Human),MLPGAWLLWTSLLLLARPAQPCPMGCDCFVQEVFCSDEELATVPLDIPPYTKNIIFVETSFTTLETRAFGSNPNLTKVVFLNTQLCQFRPDAFGGLPRLEDLEVTGSSFLNLSTNIFSNLTSLGKLTLNFNMLEALPEGLFQHLAALESLHLQGNQLQALPRRLFQPLTHLKTLNLAQNLLAQLPEELFHPLTSLQTLKLSNNALSGLPQGVFGKLGSLQELFLDSNNISELPPQVFSQLFCLERLWLQRNAITHLPLSIFASLGNLTFLSLQWNMLRVLPAGLFAHTPCLVGLSLTHNQLETVAEGTFAHLSNLRSLMLSYNAITHLPAGIFRDLEELVKLYLGSNNLTALHPALFQNLSKLELLSLSKNQLTTLPEGIFDTNYNLFNLALHGNPWQCDCHLAYLFNWLQQYTDRLLNIQTYCAGPAYLKGQVVPALNEKQLVCPVTRDHLGFQVTWPDESKAGGSWDLAVQERAARSQCTYSNPEGTVVLACDQAQCRWLNVQLSPQQGSLGLQYNASQEWDLRSSCGSLRLTVSIEARAAGP
P0DJI8,Serum amyloid A-1 protein (SAA) [Cleaved into: Amyloid protein A (Amyloid fibril protein AA); Serum amyloid protein A(2-104); Serum amyloid protein A(3-104); Serum amyloid protein A(2-103); Serum amyloid protein A(2-102); Serum amyloid protein A(4-101)],SAA1,Homo sapiens (Human),MKLLTGLVFCSLVLGVSSRSFFSFLGEAFDGARDMWRAYSDMREANYIGSDKYFHARGNYDAAKRGPGGVWAAEAISDARENIQRFFGHGAEDSLADQAANEWGRSGKDPNHFRPAGLPEKY
P18428,Lipopolysaccharide-binding protein (LBP),LBP,Homo sapiens (Human),MGALARALPSILLALLLTSTPEALGANPGLVARITDKGLQYAAQEGLLALQSELLRITLPDFTGDLRIPHVGRGRYEFHSLNIHSCELLHSALRPVPGQGLSLSISDSSIRVQGRWKVRKSFFKLQGSFDVSVKGISISVNLLLGSESSGRPTVTASSCSSDIADVEVDMSGDLGWLLNLFHNQIESKFQKVLESRICEMIQKSVSSDLQPYLQTLPVTTEIDSFADIDYSLVEAPRATAQMLEVMFKGEIFHRNHRSPVTLLAAVMSLPEEHNKMVYFAISDYVFNTASLVYHEEGYLNFSITDDMIPPDSNIRLTTKSFRPFVPRLARLYPNMNLELQGSVPSAPLLNFSPGNLSVDPYMEIDAFVLLPSSSKEPVFRLSVATNVSATLTFNTSKITGFLKPGKVKVELKESKVGLFNAELLEALLNYYILNTFYPKFNDKLAEGFPLPLLKRVQLYDLGLQIHKDFLFLGANVQYMRV
Q9NZP8,Complement C1r subcomponent-like protein (C1r-LP) (C1r-like protein) (EC 3.4.21.-) (C1r-like serine protease analog protein) (CLSPa),C1RL C1RL1 C1RLP CLSPA,Homo sapiens (Human),MPGPRVWGKYLWRSPHSKGCPGAMWWLLLWGVLQACPTRGSVLLAQELPQQLTSPGYPEPYGKGQESSTDIKAPEGFAVRLVFQDFDLEPSQDCAGDSVTISFVGSDPSQFCGQQGSPLGRPPGQREFVSSGRSLRLTFRTQPSSENKTAHLHKGFLALYQTVAVNYSQPISEASRGSEAINAPGDNPAKVQNHCQEPYYQAAAAGALTCATPGTWKDRQDGEEVLQCMPVCGRPVTPIAQNQTTLGSSRAKLGNFPWQAFTSIHGRGGGALLGDRWILTAAHTIYPKDSVSLRKNQSVNVFLGHTAIDEMLKLGNHPVHRVVVHPDYRQNESHNFSGDIALLELQHSIPLGPNVLPVCLPDNETLYRSGLLGYVSGFGMEMGWLTTELKYSRLPVAPREACNAWLQKRQRPEVFSDNMFCVGDETQRHSVCQGDSGSVYVVWDNHAHHWVATGIVSWGIGCGEGYDFYTKVLSYVDWIKGVMNGKN
P19320,Vascular cell adhesion protein 1 (V-CAM 1) (VCAM-1) (INCAM-100) (CD antigen CD106),VCAM1,Homo sapiens (Human),MPGKMVVILGASNILWIMFAASQAFKIETTPESRYLAQIGDSVSLTCSTTGCESPFFSWRTQIDSPLNGKVTNEGTTSTLTMNPVSFGNEHSYLCTATCESRKLEKGIQVEIYSFPKDPEIHLSGPLEAGKPITVKCSVADVYPFDRLEIDLLKGDHLMKSQEFLEDADRKSLETKSLEVTFTPVIEDIGKVLVCRAKLHIDEMDSVPTVRQAVKELQVYISPKNTVISVNPSTKLQEGGSVTMTCSSEGLPAPEIFWSKKLDNGNLQHLSGNATLTLIAMRMEDSGIYVCEGVNLIGKNRKEVELIVQEKPFTVEISPGPRIAAQIGDSVMLTCSVMGCESPSFSWRTQIDSPLSGKVRSEGTNSTLTLSPVSFENEHSYLCTVTCGHKKLEKGIQVELYSFPRDPEIEMSGGLVNGSSVTVSCKVPSVYPLDRLEIELLKGETILENIEFLEDTDMKSLENKSLEMTFIPTIEDTGKALVCQAKLHIDDMEFEPKQRQSTQTLYVNVAPRDTTVLVSPSSILEEGSSVNMTCLSQGFPAPKILWSRQLPNGELQPLSENATLTLISTKMEDSGVYLCEGINQAGRSRKEVELIIQVTPKDIKLTAFPSESVKEGDTVIISCTCGNVPETWIILKKKAETGDTVLKSIDGAYTIRKAQLKDAGVYECESKNKVGSQLRSLTLDVQGRENNKDYFSPELLVLYFASSLIIPAIGMIIYFARKANMKGSYSLVEAQKSKV
P02743,Serum amyloid P-component (SAP) (9.5S alpha-1-glycoprotein) [Cleaved into: Serum amyloid P-component(1-203)],APCS PTX2,Homo sapiens (Human),MNKPLLWISVLTSLLEAFAHTDLSGKVFVFPRESVTDHVNLITPLEKPLQNFTLCFRAYSDLSRAYSLFSYNTQGRDNELLVYKERVGEYSLYIGRHKVTSKVIEKFPAPVHICVSWESSSGIAEFWINGTPLVKKGLRQGYFVEAQPKIVLGQEQDSYGGKFDRSQSFVGEIGDLYMWDSVLPPENILSAYQGTPLPANILDWQALNYEIRGYVIIKPLVWV
Q9UK55,Protein Z-dependent protease inhibitor (PZ-dependent protease inhibitor) (PZI) (Serpin A10),SERPINA10 ZPI UNQ707/PRO1358,Homo sapiens (Human),MKVVPSLLLSVLLAQVWLVPGLAPSPQSPETPAPQNQTSRVVQAPKEEEEDEQEASEEKASEEEKAWLMASRQQLAKETSNFGFSLLRKISMRHDGNMVFSPFGMSLAMTGLMLGATGPTETQIKRGLHLQALKPTKPGLLPSLFKGLRETLSRNLELGLTQGSFAFIHKDFDVKETFFNLSKRYFDTECVPMNFRNASQAKRLMNHYINKETRGKIPKLFDEINPETKLILVDYILFKGKWLTPFDPVFTEVDTFHLDKYKTIKVPMMYGAGKFASTFDKNFRCHVLKLPYQGNATMLVVLMEKMGDHLALEDYLTTDLVETWLRNMKTRNMEVFFPKFKLDQKYEMHELLRQMGIRRIFSPFADLSELSATGRNLQVSRVLQRTVIEVDERGTEAVAGILSEITAYSMPPVIKVDRPFHFMIYEETSGMLLFLGRVVNPTLL
P0DJI9,Serum amyloid A-2 protein (SAA2) [Cleaved into: Amyloid A2 protein (AA2)],SAA2,Homo sapiens (Human),MKLLTGLVFCSLVLSVSSRSFFSFLGEAFDGARDMWRAYSDMREANYIGSDKYFHARGNYDAAKRGPGGAWAAEVISNARENIQRLTGRGAEDSLADQAANKWGRSGRDPNHFRPAGLPEKY
P08571,"Monocyte differentiation antigen CD14 (Myeloid cell-specific leucine-rich glycoprotein) (CD antigen CD14) [Cleaved into: Monocyte differentiation antigen CD14, urinary form; Monocyte differentiation antigen CD14, membrane-bound form]",CD14,Homo sapiens (Human),MERASCLLLLLLPLVHVSATTPEPCELDDEDFRCVCNFSEPQPDWSEAFQCVSAVEVEIHAGGLNLEPFLKRVDADADPRQYADTVKALRVRRLTVGAAQVPAQLLVGALRVLAYSRLKELTLEDLKITGTMPPLPLEATGLALSSLRLRNVSWATGRSWLAELQQWLKPGLKVLSIAQAHSPAFSCEQVRAFPALTSLDLSDNPGLGERGLMAALCPHKFPAIQNLALRNTGMETPTGVCAALAAAGVQPHSLDLSHNSLRATVNPSAPRCMWSSALNSLNLSFAGLEQVPKGLPAKLRVLDLSCNRLNRAPQPDELPEVDNLTLDGNPFLVPGTALPHEGSMNSGVVPACARSTLSVGVSGTLVLLQGARGFA
Q92820,Gamma-glutamyl hydrolase (EC 3.4.19.9) (Conjugase) (GH) (Gamma-Glu-X carboxypeptidase),GGH,Homo sapiens (Human),MASPGCLLCVLGLLLCGAASLELSRPHGDTAKKPIIGILMQKCRNKVMKNYGRYYIAASYVKYLESAGARVVPVRLDLTEKDYEILFKSINGILFPGGSVDLRRSDYAKVAKIFYNLSIQSFDDGDYFPVWGTCLGFEELSLLISGECLLTATDTVDVAMPLNFTGGQLHSRMFQNFPTELLLSLAVEPLTANFHKWSLSVKNFTMNEKLKKFFNVLTTNTDGKIEFISTMEGYKYPVYGVQWHPEKAPYEWKNLDGISHAPNAVKTAFYLAEFFVNEARKNNHHFKSESEEEKALIYQFSPIYTGNISSFQQCYIFD
P33908,"Mannosyl-oligosaccharide 1,2-alpha-mannosidase IA (EC 3.2.1.113) (Man(9)-alpha-mannosidase) (Man9-mannosidase) (Mannosidase alpha class 1A member 1) (Processing alpha-1,2-mannosidase IA) (Alpha-1,2-mannosidase IA)",MAN1A1,Homo sapiens (Human),MPVGGLLPLFSSPAGGVLGGGLGGGGGRKGSGPAALRLTEKFVLLLVFSAFITLCFGAIFFLPDSSKLLSGVLFHSSPALQPAADHKPGPGARAEDAAEGRARRREEGAPGDPEAALEDNLARIRENHERALREAKETLQKLPEEIQRDILLEKKKVAQDQLRDKAPFRGLPPVDFVPPIGVESREPADAAIREKRAKIKEMMKHAWNNYKGYAWGLNELKPISKGGHSSSLFGNIKGATIVDALDTLFIMEMKHEFEEAKSWVEENLDFNVNAEISVFEVNIRFVGGLLSAYYLSGEEIFRKKAVELGVKLLPAFHTPSGIPWALLNMKSGIGRNWPWASGGSSILAEFGTLHLEFMHLSHLSGNPIFAEKVMNIRTVLNKLEKPQGLYPNYLNPSSGQWGQHHVSVGGLGDSFYEYLLKAWLMSDKTDLEAKKMYFDAVQAIETHLIRKSSSGLTYIAEWKGGLLEHKMGHLTCFAGGMFALGADAAPEGMAQHYLELGAEIARTCHESYNRTFMKLGPEAFRFDGGVEAIATRQNEKYYILRPEVMETYMYMWRLTHDPKYRKWAWEAVEALENHCRVNGGYSGLRDVYLLHESYDDVQQSFFLAETLKYLYLIFSDDDLLPLEHWIFNSEAHLLPILPKDKKEVEIREE
P35542,Serum amyloid A-4 protein (Constitutively expressed serum amyloid A protein) (C-SAA),SAA4 CSAA,Homo sapiens (Human),MRLFTGIVFCSLVMGVTSESWRSFFKEALQGVGDMGRAYWDIMISNHQNSNRYLYARGNYDAAQRGPGGVWAAKLISRSRVYLQGLIDCYLFGNSSTVLEDSKSNEKAEEWGRSGKDPDRFRPDGLPKKY
P14543,Nidogen-1 (NID-1) (Entactin),NID1 NID,Homo sapiens (Human),MLASSSRIRAAWTRALLLPLLLAGPVGCLSRQELFPFGPGQGDLELEDGDDFVSPALELSGALRFYDRSDIDAVYVTTNGIIATSEPPAKESHPGLFPPTFGAVAPFLADLDTTDGLGKVYYREDLSPSITQRAAECVHRGFPEISFQPSSAVVVTWESVAPYQGPSRDPDQKGKRNTFQAVLASSDSSSYAIFLYPEDGLQFHTTFSKKENNQVPAVVAFSQGSVGFLWKSNGAYNIFANDRESVENLAKSSNSGQQGVWVFEIGSPATTNGVVPADVILGTEDGAEYDDEDEDYDLATTRLGLEDVGTTPFSYKALRRGGADTYSVPSVLSPRRAATERPLGPPTERTRSFQLAVETFHQQHPQVIDVDEVEETGVVFSYNTDSRQTCANNRHQCSVHAECRDYATGFCCSCVAGYTGNGRQCVAEGSPQRVNGKVKGRIFVGSSQVPIVFENTDLHSYVVMNHGRSYTAISTIPETVGYSLLPLAPVGGIIGWMFAVEQDGFKNGFSITGGEFTRQAEVTFVGHPGNLVIKQRFSGIDEHGHLTIDTELEGRVPQIPFGSSVHIEPYTELYHYSTSVITSSSTREYTVTEPERDGASPSRIYTYQWRQTITFQECVHDDSRPALPSTQQLSVDSVFVLYNQEEKILRYALSNSIGPVREGSPDALQNPCYIGTHGCDTNAACRPGPRTQFTCECSIGFRGDGRTCYDIDECSEQPSVCGSHTICNNHPGTFRCECVEGYQFSDEGTCVAVVDQRPINYCETGLHNCDIPQRAQCIYTGGSSYTCSCLPGFSGDGQACQDVDECQPSRCHPDAFCYNTPGSFTCQCKPGYQGDGFRCVPGEVEKTRCQHEREHILGAAGATDPQRPIPPGLFVPECDAHGHYAPTQCHGSTGYCWCVDRDGREVEGTRTRPGMTPPCLSTVAPPIHQGPAVPTAVIPLPPGTHLLFAQTGKIERLPLEGNTMRKTEAKAFLHVPAKVIIGLAFDCVDKMVYWTDITEPSIGRASLHGGEPTTIIRQDLGSPEGIAVDHLGRNIFWTDSNLDRIEVAKLDGTQRRVLFETDLVNPRGIVTDSVRGNLYWTDWNRDNPKIETSYMDGTNRRILVQDDLGLPNGLTFDAFSSQLCWVDAGTNRAECLNPSQPSRRKALEGLQYPFAVTSYGKNLYFTDWKMNSVVALDLAISKETDAFQPHKQTRLYGITTALSQCPQGHNYCSVNNGGCTHLCLATPGSRTCRCPDNTLGVDCIEQK
P07195,L-lactate dehydrogenase B chain (LDH-B) (EC 1.1.1.27) (LDH heart subunit) (LDH-H) (Renal carcinoma antigen NY-REN-46),LDHB,Homo sapiens (Human),MATLKEKLIAPVAEEEATVPNNKITVVGVGQVGMACAISILGKSLADELALVDVLEDKLKGEMMDLQHGSLFLQTPKIVADKDYSVTANSKIVVVTAGVRQQEGESRLNLVQRNVNVFKFIIPQIVKYSPDCIIIVVSNPVDILTYVTWKLSGLPKHRVIGSGCNLDSARFRYLMAEKLGIHPSSCHGWILGEHGDSSVAVWSGVNVAGVSLQELNPEMGTDNDSENWKEVHKMVVESAYEVIKLKGYTNWAIGLSVADLIESMLKNLSRIHPVSTMVKGMYGIENEVFLSLPCILNARGLTSVINQKLKDDEVAQLKKSADTLWDIQKDLKDL
A0A0B4J1V6,Immunoglobulin heavy variable 3-73,IGHV3-73,Homo sapiens (Human),MEFGLSWVFLVAILKGVQCEVQLVESGGGLVQPGGSLKLSCAASGFTFSGSAMHWVRQASGKGLEWVGRIRSKANSYATAYAASVKGRFTISRDDSKNTAYLQMNSLKTEDTAVYYCTR
P02741,C-reactive protein [Cleaved into: C-reactive protein(1-205)],CRP PTX1,Homo sapiens (Human),MEKLLCFLVLTSLSHAFGQTDMSRKAFVFPKESDTSYVSLKAPLTKPLKAFTVCLHFYTELSSTRGYSIFSYATKRQDNEILIFWSKDIGYSFTVGGSEILFEVPEVTVAPVHICTSWESASGIVEFWVDGKPRVRKSLKKGYTVGAEASIILGQEQDSFGGNFEGSQSLVGDIGNVNMWDFVLSPDEINTIYLGGPFSPNVLNWRALKYEVQGEVFTKPQLWP
Q86UD1,Out at first protein homolog (HCV NS5A-transactivated protein 13 target protein 2),OAF NS5ATP13TP2,Homo sapiens (Human),MRLPGVPLARPALLLLLPLLAPLLGTGAPAELRVRVRLPDGQVTEESLQADSDADSISLELRKPDGTLVSFTADFKKDVKVFRALILGELEKGQSQFQALCFVTQLQHNEIIPSEAMAKLRQKNPRAVRQAEEVRGLEHLHMDVAVNFSQGALLSPHLHNVCAEAVDAIYTRQEDVRFWLEQGVDSSVFEALPKASEQAELPRCRQVGDHGKPCVCRYGLSLAWYPCMLKYCHSRDRPTPYKCGIRSCQKSYSFDFYVPQRQLCLWDEDPYPG
P00338,L-lactate dehydrogenase A chain (LDH-A) (EC 1.1.1.27) (Cell proliferation-inducing gene 19 protein) (LDH muscle subunit) (LDH-M) (Renal carcinoma antigen NY-REN-59),LDHA PIG19,Homo sapiens (Human),MATLKDQLIYNLLKEEQTPQNKITVVGVGAVGMACAISILMKDLADELALVDVIEDKLKGEMMDLQHGSLFLRTPKIVSGKDYNVTANSKLVIITAGARQQEGESRLNLVQRNVNIFKFIIPNVVKYSPNCKLLIVSNPVDILTYVAWKISGFPKNRVIGSGCNLDSARFRYLMGERLGVHPLSCHGWVLGEHGDSSVPVWSGMNVAGVSLKTLHPDLGTDKDKEQWKEVHKQVVESAYEVIKLKGYTSWAIGLSVADLAESIMKNLRRVHPVSTMIKGLYGIKDDVFLSVPCILGQNGISDLVKVTLTSEEEARLKKSADTLWGIQKELQF
P61769,Beta-2-microglobulin [Cleaved into: Beta-2-microglobulin form pI 5.3],B2M CDABP0092 HDCMA22P,Homo sapiens (Human),MSRSVALAVLALLSLSGLEAIQRTPKIQVYSRHPAENGKSNFLNCYVSGFHPSDIEVDLLKNGERIEKVEHSDLSFSKDWSFYLLYYTEFTPTEKDEYACRVNHVTLSQPKIVKWDRDM
P62805,Histone H4,H4C1 H4/A H4FA HIST1H4A; H4C2 H4/I H4FI HIST1H4B; H4C3 H4/G H4FG HIST1H4C; H4C4 H4/B H4FB HIST1H4D; H4C5 H4/J H4FJ HIST1H4E; H4C6 H4/C H4FC HIST1H4F; H4C8 H4/H H4FH HIST1H4H; H4C9 H4/M H4FM HIST1H4I; H4C11 H4/E H4FE HIST1H4J; H4C12 H4/D H4FD HIST1H4K; H4C13 H4/K H4FK HIST1H4L; H4C14 H4/N H4F2 H4FN HIST2H4 HIST2H4A; H4C15 H4/O H4FO HIST2H4B; H4C16 H4-16 HIST4H4,Homo sapiens (Human),MSGRGKGGKGLGKGGAKRHRKVLRDNIQGITKPAIRRLARRGGVKRISGLIYEETRGVLKVFLENVIRDAVTYTEHAKRKTVTAMDVVYALKRQGRTLYGFGG
Q5QNW6,Histone H2B type 2-F (H2B-clustered histone 18),H2BC18 HIST2H2BF,Homo sapiens (Human),MPDPAKSAPAPKKGSKKAVTKVQKKDGKKRKRSRKESYSVYVYKVLKQVHPDTGISSKAMGIMNSFVNDIFERIAGEASRLAHYNKRSTITSREIQTAVRLLLPGELAKHAVSEGTKAVTKYTSSK
P15151,Poliovirus receptor (Nectin-like protein 5) (NECL-5) (CD antigen CD155),PVR PVS,Homo sapiens (Human),MARAMAAAWPLLLVALLVLSWPPPGTGDVVVQAPTQVPGFLGDSVTLPCYLQVPNMEVTHVSQLTWARHGESGSMAVFHQTQGPSYSESKRLEFVAARLGAELRNASLRMFGLRVEDEGNYTCLFVTFPQGSRSVDIWLRVLAKPQNTAEVQKVQLTGEPVPMARCVSTGGRPPAQITWHSDLGGMPNTSQVPGFLSGTVTVTSLWILVPSSQVDGKNVTCKVEHESFEKPQLLTVNLTVYYPPEVSISGYDNNWYLGQNEATLTCDARSNPEPTGYNWSTTMGPLPPFAVAQGAQLLIRPVDKPINTTLICNVTNALGARQAELTVQVKEGPPSEHSGISRNAIIFLVLGILVFLILLGIGIYFYWSKCSREVLWHCHLCPSSTEHASASANGHVSYSAVSRENSSSQDPQTEGTR
P13987,CD59 glycoprotein (1F5 antigen) (20 kDa homologous restriction factor) (HRF-20) (HRF20) (MAC-inhibitory protein) (MAC-IP) (MEM43 antigen) (Membrane attack complex inhibition factor) (MACIF) (Membrane inhibitor of reactive lysis) (MIRL) (Protectin) (CD antigen CD59),CD59 MIC11 MIN1 MIN2 MIN3 MSK21,Homo sapiens (Human),MGIQGGSVLFGLLLVLAVFCHSGHSLQCYNCPNPTADCKTAVNCSSDFDACLITKAGLQVYNKCWKFEHCNFNDVTTRLRENELTYYCCKKDLCNFNEQLENGGTSLSEKTVLLLVTPFLAAAWSLHP
Q16777,Histone H2A type 2-C (H2A-clustered histone 20) (Histone H2A-GL101) (Histone H2A/q),H2AC20 H2AFQ HIST2H2AC,Homo sapiens (Human),MSGRGKQGGKARAKAKSRSSRAGLQFPVGRVHRLLRKGNYAERVGAGAPVYMAAVLEYLTAEILELAGNAARDNKKTRIIPRHLQLAIRNDEELNKLLGKVTIAQGGVLPNIQAVLLPKKTESHKAKSK
P28799,Progranulin (PGRN) (Acrogranin) (Epithelin precursor) (Glycoprotein of 88 Kda) (GP88) (Glycoprotein 88) (Granulin precursor) (PC cell-derived growth factor) (PCDGF) (Proepithelin) (PEPI) [Cleaved into: Paragranulin; Granulin-1 (Granulin G); Granulin-2 (Granulin F); Granulin-3 (Epithelin-2) (Granulin B); Granulin-4 (Epithelin-1) (Granulin A); Granulin-5 (Granulin C); Granulin-6 (Granulin D); Granulin-7 (Granulin E)],GRN,Homo sapiens (Human),MWTLVSWVALTAGLVAGTRCPDGQFCPVACCLDPGGASYSCCRPLLDKWPTTLSRHLGGPCQVDAHCSAGHSCIFTVSGTSSCCPFPEAVACGDGHHCCPRGFHCSADGRSCFQRSGNNSVGAIQCPDSQFECPDFSTCCVMVDGSWGCCPMPQASCCEDRVHCCPHGAFCDLVHTRCITPTGTHPLAKKLPAQRTNRAVALSSSVMCPDARSRCPDGSTCCELPSGKYGCCPMPNATCCSDHLHCCPQDTVCDLIQSKCLSKENATTDLLTKLPAHTVGDVKCDMEVSCPDGYTCCRLQSGAWGCCPFTQAVCCEDHIHCCPAGFTCDTQKGTCEQGPHQVPWMEKAPAHLSLPDPQALKRDVPCDNVSSCPSSDTCCQLTSGEWGCCPIPEAVCCSDHQHCCPQGYTCVAEGQCQRGSEIVAGLEKMPARRASLSHPRDIGCDQHTSCPVGQTCCPSLGGSWACCQLPHAVCCEDRQHCCPAGYTCNVKARSCEKEVVSAQPATFLARSPHVGVKDVECGEGHFCHDNQTCCRDNRQGWACCPYRQGVCCADRRHCCPAGFRCAARGTKCLRREAPRWDAPLRDPALRQLL
Q12907,Vesicular integral-membrane protein VIP36 (Glycoprotein GP36b) (Lectin mannose-binding 2) (Vesicular integral-membrane protein 36) (VIP36),LMAN2 C5orf8,Homo sapiens (Human),MAAEGWIWRWGWGRRCLGRPGLLGPGPGPTTPLFLLLLLGSVTADITDGNSEHLKREHSLIKPYQGVGSSSMPLWDFQGSTMLTSQYVRLTPDERSKEGSIWNHQPCFLKDWEMHVHFKVHGTGKKNLHGDGIALWYTRDRLVPGPVFGSKDNFHGLAIFLDTYPNDETTERVFPYISVMVNNGSLSYDHSKDGRWTELAGCTADFRNRDHDTFLAVRYSRGRLTVMTDLEDKNEWKNCIDITGVRLPTGYYFGASAGTGDLSDNHDIISMKLFQLMVEHTPDEESIDWTKIEPSVNFLKSPKDNVDDPTGNFRSGPLTGWRVFLLLLCALLGIVVCAVVGAVVFQKRQERNKRFY
P84243,Histone H3.3,H3-3A H3.3A H3F3 H3F3A PP781; H3-3B H3.3B H3F3B,Homo sapiens (Human),MARTKQTARKSTGGKAPRKQLATKAARKSAPSTGGVKKPHRYRPGTVALREIRRYQKSTELLIRKLPFQRLVREIAQDFKTDLRFQSAAIGALQEASEAYLVGLFEDTNLCAIHAKRVTIMPKDIQLARRIRGERA
Q5SYB0,FERM and PDZ domain-containing protein 1 (FERM domain-containing protein 2),FRMPD1 FRMD2 KIAA0967,Homo sapiens (Human),MEELETSLFQTRKAHRIEQMVARWLRRSRDSSARAKVAAADGPARNPTQTLIPVRHTVKIDKDTLLQDYGFHISESLPLTVVAVTAGGSAHGKLFPGDQILQMNNEPAEDLSWERAVDILREAEDSLSITVVRCTSGVPKSSFLTEEKRARLKTNPVKVHFAEEVLISGHSQGNSLLCMPNVLKLYLENGQTKAFKFEANTTVKDIILTVKEKLSIRSIEYFALALEEQYSISRLHLLHEEELIQQVVEREESHDYRCLFRVCFVPKDPLDLLKEDPVAFEYLYLQSCSDVLQERFAVEMKCSSALRLAALHIQERIYACAQPQKISLKYIEKDWGIENFISPTLLRNMKGKDIKKAISFHMKRNQNLLEPRQKQLISAAQLRLNYLQILGELKTYGGRIFNATLMLQDRESYIALLVGAKYGISQVINSKLNIMSTLAEFANISRVELTEESEKVSVVKVYLQDVKVLTLLLESNSAKDLACLIAGYYRLLVDPVTSIFLWPGNKQQAHRVSAEEGYESRACSDSEESSEVDCVLEPLSDRRLVKLAPCRSLIKEEQPPGNSPTPEVARRGPSTCGASSTTDSAESEASDSANTESRGYRTSGSSESMDALEEDDLDTCSSSRSTFFHFGSPGLAESIDSDSQEERSGIETSGFLCLLDLAQRANPQCQKTEFSESAALETFGWAPELSTVRLDPRLYEGSHADYYSLCSSVSPASYLSDSSESTASRQGGAPPAWGQQGWTEAQPSSMLEPLALHPPLAFEDGSSDEEYYDAADKLTPPGPPSGPRDVSTAEPSATSLQNKASTSSPENSLPCGPDGRQPSRRGGVKKYAKTLRKRRSFLQTDYTSQVSFPLVPSASLESVDDVCYYDREPYLALGAPSPTVSSLQDMQGEPGLLETKALGLLAPLRETKSTNPASRVMEMEPETMETKSVIDSRVSSISAIRFRIDPNNKENSGVVPAASSSASTPHCSNPGSSGPDTAQARPSQILPLSQDLDGIAPKEPTIEHGDSSFSLSSGDPNPDRACLASNPGLNNVSQGDTLELQLEPHVQLEMGLESFCTNHIQETAPKYTEPLLSPRDEPRSDECGINPGEKIASIPTKEEPQGQLSLERDREVTNKNGTNVFQEESRKDSGDSPGDVSNNVSQTLDISSPAGKIVTSLSLDAPVTGTEQIPPHPPRDPQGQSREPPGQGCQAQEQKLFVELDLDPDFFLGKQTVSPAVPPEGIKAEAPNHVTGQDIAPRDSPEWVCFNPEPSLPEPLPCPQEDPHLETSNHCLLSEGKSDSSSICLSAEKSFLCFAPESHPEVSASLRVATSLGFAGMNEMVAPRIGMDQCSCQFSYATCFRGPQPETEEEDRDLEAHPMAPLTSPPSAGSPVVLPWRPARAHSCTTAPLSRKSHIWPEYCSRALRQLKATPASTPEGFIQLMESLLELQDILETSWGVGNKHPPEKCTWHFTESRSRLCMGSQKLLSSCRHVIRMDQSPEEMQGAVRDTFQHLVQLAGLCFQFTDCSRCSARHREAAGNLRDVVYTYHQFIEAAKSTCERGYHDLSVKLLARQCTALTAAVFCLTQKFRASTAL
P78563,Double-stranded RNA-specific editase 1 (EC 3.5.4.37) (RNA-editing deaminase 1) (RNA-editing enzyme 1) (dsRNA adenosine deaminase),ADARB1 ADAR2 DRADA2 RED1,Homo sapiens (Human),MDIEDEENMSSSSTDVKENRNLDNVSPKDGSTPGPGEGSQLSNGGGGGPGRKRPLEEGSNGHSKYRLKKRRKTPGPVLPKNALMQLNEIKPGLQYTLLSQTGPVHAPLFVMSVEVNGQVFEGSGPTKKKAKLHAAEKALRSFVQFPNASEAHLAMGRTLSVNTDFTSDQADFPDTLFNGFETPDKAEPPFYVGSNGDDSFSSSGDLSLSASPVPASLAQPPLPVLPPFPPPSGKNPVMILNELRPGLKYDFLSESGESHAKSFVMSVVVDGQFFEGSGRNKKLAKARAAQSALAAIFNLHLDQTPSRQPIPSEGLQLHLPQVLADAVSRLVLGKFGDLTDNFSSPHARRKVLAGVVMTTGTDVKDAKVISVSTGTKCINGEYMSDRGLALNDCHAEIISRRSLLRFLYTQLELYLNNKDDQKRSIFQKSERGGFRLKENVQFHLYISTSPCGDARIFSPHEPILEGSRSYTQAGVQWCNHGSLQPRPPGLLSDPSTSTFQGAGTTEPADRHPNRKARGQLRTKIESGEGTIPVRSNASIQTWDGVLQGERLLTMSCSDKIARWNVVGIQGSLLSIFVEPIYFSSIILGSLYHGDHLSRAMYQRISNIEDLPPLYTLNKPLLSGISNAEARQPGKAPNFSVNWTVGDSAIEVINATTGKDELGRASRLCKHALYCRWMRVHGKVPSHLLRSKITKPNVYHESKLAAKEYQAAKARLFTAFIKAGLGAWVEKPTEQDQFSLTP
P02768,Albumin,ALB GIG20 GIG42 PRO0903 PRO1708 PRO2044 PRO2619 PRO2675 UNQ696/PRO1341,Homo sapiens (Human),MKWVTFISLLFLFSSAYSRGVFRRDAHKSEVAHRFKDLGEENFKALVLIAFAQYLQQCPFEDHVKLVNEVTEFAKTCVADESAENCDKSLHTLFGDKLCTVATLRETYGEMADCCAKQEPERNECFLQHKDDNPNLPRLVRPEVDVMCTAFHDNEETFLKKYLYEIARRHPYFYAPELLFFAKRYKAAFTECCQAADKAACLLPKLDELRDEGKASSAKQRLKCASLQKFGERAFKAWAVARLSQRFPKAEFAEVSKLVTDLTKVHTECCHGDLLECADDRADLAKYICENQDSISSKLKECCEKPLLEKSHCIAEVENDEMPADLPSLAADFVESKDVCKNYAEAKDVFLGMFLYEYARRHPDYSVVLLLRLAKTYETTLEKCCAAADPHECYAKVFDEFKPLVEEPQNLIKQNCELFEQLGEYKFQNALLVRYTKKVPQVSTPTLVEVSRNLGKVGSKCCKHPEAKRMPCAEDYLSVVLNQLCVLHEKTPVSDRVTKCCTESLVNRRPCFSALEVDETYVPKEFNAETFTFHADICTLSEKERQIKKQTALVELVKHKPKATKEQLKAVMDDFAAFVEKCCKADDKETCFAEEGKKLVAASQAALGL
P02751,Fibronectin (FN) (Cold-insoluble globulin) (CIG) [Cleaved into: Anastellin; Ugl-Y1; Ugl-Y2; Ugl-Y3],FN1 FN,Homo sapiens (Human),MLRGPGPGLLLLAVQCLGTAVPSTGASKSKRQAQQMVQPQSPVAVSQSKPGCYDNGKHYQINQQWERTYLGNALVCTCYGGSRGFNCESKPEAEETCFDKYTGNTYRVGDTYERPKDSMIWDCTCIGAGRGRISCTIANRCHEGGQSYKIGDTWRRPHETGGYMLECVCLGNGKGEWTCKPIAEKCFDHAAGTSYVVGETWEKPYQGWMMVDCTCLGEGSGRITCTSRNRCNDQDTRTSYRIGDTWSKKDNRGNLLQCICTGNGRGEWKCERHTSVQTTSSGSGPFTDVRAAVYQPQPHPQPPPYGHCVTDSGVVYSVGMQWLKTQGNKQMLCTCLGNGVSCQETAVTQTYGGNSNGEPCVLPFTYNGRTFYSCTTEGRQDGHLWCSTTSNYEQDQKYSFCTDHTVLVQTRGGNSNGALCHFPFLYNNHNYTDCTSEGRRDNMKWCGTTQNYDADQKFGFCPMAAHEEICTTNEGVMYRIGDQWDKQHDMGHMMRCTCVGNGRGEWTCIAYSQLRDQCIVDDITYNVNDTFHKRHEEGHMLNCTCFGQGRGRWKCDPVDQCQDSETGTFYQIGDSWEKYVHGVRYQCYCYGRGIGEWHCQPLQTYPSSSGPVEVFITETPSQPNSHPIQWNAPQPSHISKYILRWRPKNSVGRWKEATIPGHLNSYTIKGLKPGVVYEGQLISIQQYGHQEVTRFDFTTTSTSTPVTSNTVTGETTPFSPLVATSESVTEITASSFVVSWVSASDTVSGFRVEYELSEEGDEPQYLDLPSTATSVNIPDLLPGRKYIVNVYQISEDGEQSLILSTSQTTAPDAPPDTTVDQVDDTSIVVRWSRPQAPITGYRIVYSPSVEGSSTELNLPETANSVTLSDLQPGVQYNITIYAVEENQESTPVVIQQETTGTPRSDTVPSPRDLQFVEVTDVKVTIMWTPPESAVTGYRVDVIPVNLPGEHGQRLPISRNTFAEVTGLSPGVTYYFKVFAVSHGRESKPLTAQQTTKLDAPTNLQFVNETDSTVLVRWTPPRAQITGYRLTVGLTRRGQPRQYNVGPSVSKYPLRNLQPASEYTVSLVAIKGNQESPKATGVFTTLQPGSSIPPYNTEVTETTIVITWTPAPRIGFKLGVRPSQGGEAPREVTSDSGSIVVSGLTPGVEYVYTIQVLRDGQERDAPIVNKVVTPLSPPTNLHLEANPDTGVLTVSWERSTTPDITGYRITTTPTNGQQGNSLEEVVHADQSSCTFDNLSPGLEYNVSVYTVKDDKESVPISDTIIPEVPQLTDLSFVDITDSSIGLRWTPLNSSTIIGYRITVVAAGEGIPIFEDFVDSSVGYYTVTGLEPGIDYDISVITLINGGESAPTTLTQQTAVPPPTDLRFTNIGPDTMRVTWAPPPSIDLTNFLVRYSPVKNEEDVAELSISPSDNAVVLTNLLPGTEYVVSVSSVYEQHESTPLRGRQKTGLDSPTGIDFSDITANSFTVHWIAPRATITGYRIRHHPEHFSGRPREDRVPHSRNSITLTNLTPGTEYVVSIVALNGREESPLLIGQQSTVSDVPRDLEVVAATPTSLLISWDAPAVTVRYYRITYGETGGNSPVQEFTVPGSKSTATISGLKPGVDYTITVYAVTGRGDSPASSKPISINYRTEIDKPSQMQVTDVQDNSISVKWLPSSSPVTGYRVTTTPKNGPGPTKTKTAGPDQTEMTIEGLQPTVEYVVSVYAQNPSGESQPLVQTAVTNIDRPKGLAFTDVDVDSIKIAWESPQGQVSRYRVTYSSPEDGIHELFPAPDGEEDTAELQGLRPGSEYTVSVVALHDDMESQPLIGTQSTAIPAPTDLKFTQVTPTSLSAQWTPPNVQLTGYRVRVTPKEKTGPMKEINLAPDSSSVVVSGLMVATKYEVSVYALKDTLTSRPAQGVVTTLENVSPPRRARVTDATETTITISWRTKTETITGFQVDAVPANGQTPIQRTIKPDVRSYTITGLQPGTDYKIYLYTLNDNARSSPVVIDASTAIDAPSNLRFLATTPNSLLVSWQPPRARITGYIIKYEKPGSPPREVVPRPRPGVTEATITGLEPGTEYTIYVIALKNNQKSEPLIGRKKTDELPQLVTLPHPNLHGPEILDVPSTVQKTPFVTHPGYDTGNGIQLPGTSGQQPSVGQQMIFEEHGFRRTTPPTTATPIRHRPRPYPPNVGEEIQIGHIPREDVDYHLYPHGPGLNPNASTGQEALSQTTISWAPFQDTSEYIISCHPVGTDEEPLQFRVPGTSTSATLTGLTRGATYNVIVEALKDQQRHKVREEVVTVGNSVNEGLNQPTDDSCFDPYTVSHYAVGDEWERMSESGFKLLCQCLGFGSGHFRCDSSRWCHDNGVNYKIGEKWDRQGENGQMMSCTCLGNGKGEFKCDPHEATCYDDGKTYHVGEQWQKEYLGAICSCTCFGGQRGWRCDNCRRPGGEPSPEGTTGQSYNQYSQRYHQRTNTNVNCPIECFMPLDVQADREDSRE
P02787,Serotransferrin (Transferrin) (Beta-1 metal-binding globulin) (Siderophilin),TF PRO1400,Homo sapiens (Human),MRLAVGALLVCAVLGLCLAVPDKTVRWCAVSEHEATKCQSFRDHMKSVIPSDGPSVACVKKASYLDCIRAIAANEADAVTLDAGLVYDAYLAPNNLKPVVAEFYGSKEDPQTFYYAVAVVKKDSGFQMNQLRGKKSCHTGLGRSAGWNIPIGLLYCDLPEPRKPLEKAVANFFSGSCAPCADGTDFPQLCQLCPGCGCSTLNQYFGYSGAFKCLKDGAGDVAFVKHSTIFENLANKADRDQYELLCLDNTRKPVDEYKDCHLAQVPSHTVVARSMGGKEDLIWELLNQAQEHFGKDKSKEFQLFSSPHGKDLLFKDSAHGFLKVPPRMDAKMYLGYEYVTAIRNLREGTCPEAPTDECKPVKWCALSHHERLKCDEWSVNSVGKIECVSAETTEDCIAKIMNGEADAMSLDGGFVYIAGKCGLVPVLAENYNKSDNCEDTPEAGYFAVAVVKKSASDLTWDNLKGKKSCHTAVGRTAGWNIPMGLLYNKINHCRFDEFFSEGCAPGSKKDSSLCKLCMGSGLNLCEPNNKEGYYGYTGAFRCLVEKGDVAFVKHQTVPQNTGGKNPDPWAKNLNEKDYELLCLDGTRKPVEEYANCHLARAPNHAVVTRKDKEACVHKILRQQQHLFGSNVTDCSGNFCLFRSETKDLLFRDDTVCLAKLHDRNTYEKYLGEEYVKAVGNLRKCSTSSLLEACTFRRP
P02647,Apolipoprotein A-I (Apo-AI) (ApoA-I) (Apolipoprotein A1) [Cleaved into: Proapolipoprotein A-I (ProapoA-I); Truncated apolipoprotein A-I (Apolipoprotein A-I(1-242))],APOA1,Homo sapiens (Human),MKAAVLTLAVLFLTGSQARHFWQQDEPPQSPWDRVKDLATVYVDVLKDSGRDYVSQFEGSALGKQLNLKLLDNWDSVTSTFSKLREQLGPVTQEFWDNLEKETEGLRQEMSKDLEEVKAKVQPYLDDFQKKWQEEMELYRQKVEPLRAELQEGARQKLHELQEKLSPLGEEMRDRARAHVDALRTHLAPYSDELRQRLAARLEALKENGGARLAEYHAKATEHLSTLSEKAKPALEDLRQGLLPVLESFKVSFLSALEEYTKKLNTQ
P19827,Inter-alpha-trypsin inhibitor heavy chain H1 (ITI heavy chain H1) (ITI-HC1) (Inter-alpha-inhibitor heavy chain 1) (Inter-alpha-trypsin inhibitor complex component III) (Serum-derived hyaluronan-associated protein) (SHAP),ITIH1 IGHEP1,Homo sapiens (Human),MDGAMGPRGLLLCMYLVSLLILQAMPALGSATGRSKSSEKRQAVDTAVDGVFIRSLKVNCKVTSRFAHYVVTSQVVNTANEAREVAFDLEIPKTAFISDFAVTADGNAFIGDIKDKVTAWKQYRKAAISGENAGLVRASGRTMEQFTIHLTVNPQSKVTFQLTYEEVLKRNHMQYEIVIKVKPKQLVHHFEIDVDIFEPQGISKLDAQASFLPKELAAQTIKKSFSGKKGHVLFRPTVSQQQSCPTCSTSLLNGHFKVTYDVSRDKICDLLVANNHFAHFFAPQNLTNMNKNVVFVIDISGSMRGQKVKQTKEALLKILGDMQPGDYFDLVLFGTRVQSWKGSLVQASEANLQAAQDFVRGFSLDEATNLNGGLLRGIEILNQVQESLPELSNHASILIMLTDGDPTEGVTDRSQILKNVRNAIRGRFPLYNLGFGHNVDFNFLEVMSMENNGRAQRIYEDHDATQQLQGFYSQVAKPLLVDVDLQYPQDAVLALTQNHHKQYYEGSEIVVAGRIADNKQSSFKADVQAHGEGQEFSITCLVDEEEMKKLLRERGHMLENHVERLWAYLTIQELLAKRMKVDREERANLSSQALQMSLDYGFVTPLTSMSIRGMADQDGLKPTIDKPSEDSPPLEMLGPRRTFVLSALQPSPTHSSSNTQRLPDRVTGVDTDPHFIIHVPQKEDTLCFNINEEPGVILSLVQDPNTGFSVNGQLIGNKARSPGQHDGTYFGRLGIANPATDFQLEVTPQNITLNPGFGGPVFSWRDQAVLRQDGVVVTINKKRNLVVSVDDGGTFEVVLHRVWKGSSVHQDFLGFYVLDSHRMSARTHGLLGQFFHPIGFEVSDIHPGSDPTKPDATMVVRNRRLTVTRGLQKDYSKDPWHGAEVSCWFIHNNGAGLIDGAYTDYIVPDIF
P06396,Gelsolin (AGEL) (Actin-depolymerizing factor) (ADF) (Brevin),GSN,Homo sapiens (Human),MAPHRPAPALLCALSLALCALSLPVRAATASRGASQAGAPQGRVPEARPNSMVVEHPEFLKAGKEPGLQIWRVEKFDLVPVPTNLYGDFFTGDAYVILKTVQLRNGNLQYDLHYWLGNECSQDESGAAAIFTVQLDDYLNGRAVQHREVQGFESATFLGYFKSGLKYKKGGVASGFKHVVPNEVVVQRLFQVKGRRVVRATEVPVSWESFNNGDCFILDLGNNIHQWCGSNSNRYERLKATQVSKGIRDNERSGRARVHVSEEGTEPEAMLQVLGPKPALPAGTEDTAKEDAANRKLAKLYKVSNGAGTMSVSLVADENPFAQGALKSEDCFILDHGKDGKIFVWKGKQANTEERKAALKTASDFITKMDYPKQTQVSVLPEGGETPLFKQFFKNWRDPDQTDGLGLSYLSSHIANVERVPFDAATLHTSTAMAAQHGMDDDGTGQKQIWRIEGSNKVPVDPATYGQFYGGDSYIILYNYRHGGRQGQIIYNWQGAQSTQDEVAASAILTAQLDEELGGTPVQSRVVQGKEPAHLMSLFGGKPMIIYKGGTSREGGQTAPASTRLFQVRANSAGATRAVEVLPKAGALNSNDAFVLKTPSAAYLWVGTGASEAEKTGAQELLRVLRAQPVQVAEGSEPDGFWEALGGKAAYRTSPRLKDKKMDAHPPRLFACSNKIGRFVIEEVPGELMQEDLATDDVMLLDTWDQVFVWVGKDSQEEEKTEALTSAKRYIETDPANRDRRTPITVVKQGFEPPSFVGWFLGWDDDYWSVDPLDRAMAELAA
P07996,Thrombospondin-1 (Glycoprotein G),THBS1 TSP TSP1,Homo sapiens (Human),MGLAWGLGVLFLMHVCGTNRIPESGGDNSVFDIFELTGAARKGSGRRLVKGPDPSSPAFRIEDANLIPPVPDDKFQDLVDAVRAEKGFLLLASLRQMKKTRGTLLALERKDHSGQVFSVVSNGKAGTLDLSLTVQGKQHVVSVEEALLATGQWKSITLFVQEDRAQLYIDCEKMENAELDVPIQSVFTRDLASIARLRIAKGGVNDNFQGVLQNVRFVFGTTPEDILRNKGCSSSTSVLLTLDNNVVNGSSPAIRTNYIGHKTKDLQAICGISCDELSSMVLELRGLRTIVTTLQDSIRKVTEENKELANELRRPPLCYHNGVQYRNNEEWTVDSCTECHCQNSVTICKKVSCPIMPCSNATVPDGECCPRCWPSDSADDGWSPWSEWTSCSTSCGNGIQQRGRSCDSLNNRCEGSSVQTRTCHIQECDKRFKQDGGWSHWSPWSSCSVTCGDGVITRIRLCNSPSPQMNGKPCEGEARETKACKKDACPINGGWGPWSPWDICSVTCGGGVQKRSRLCNNPTPQFGGKDCVGDVTENQICNKQDCPIDGCLSNPCFAGVKCTSYPDGSWKCGACPPGYSGNGIQCTDVDECKEVPDACFNHNGEHRCENTDPGYNCLPCPPRFTGSQPFGQGVEHATANKQVCKPRNPCTDGTHDCNKNAKCNYLGHYSDPMYRCECKPGYAGNGIICGEDTDLDGWPNENLVCVANATYHCKKDNCPNLPNSGQEDYDKDGIGDACDDDDDNDKIPDDRDNCPFHYNPAQYDYDRDDVGDRCDNCPYNHNPDQADTDNNGEGDACAADIDGDGILNERDNCQYVYNVDQRDTDMDGVGDQCDNCPLEHNPDQLDSDSDRIGDTCDNNQDIDEDGHQNNLDNCPYVPNANQADHDKDGKGDACDHDDDNDGIPDDKDNCRLVPNPDQKDSDGDGRGDACKDDFDHDSVPDIDDICPENVDISETDFRRFQMIPLDPKGTSQNDPNWVVRHQGKELVQTVNCDPGLAVGYDEFNAVDFSGTFFINTERDDDYAGFVFGYQSSSRFYVVMWKQVTQSYWDTNPTRAQGYSGLSVKVVNSTTGPGEHLRNALWHTGNTPGQVRTLWHDPRHIGWKDFTAYRWRLSHRPKTGFIRVVMYEGKKIMADSGPIYDKTYAGGRLGLFVFSQEMVFFSDLKYECRDP
P06727,Apolipoprotein A-IV (Apo-AIV) (ApoA-IV) (Apolipoprotein A4),APOA4,Homo sapiens (Human),MFLKAVVLTLALVAVAGARAEVSADQVATVMWDYFSQLSNNAKEAVEHLQKSELTQQLNALFQDKLGEVNTYAGDLQKKLVPFATELHERLAKDSEKLKEEIGKELEELRARLLPHANEVSQKIGDNLRELQQRLEPYADQLRTQVSTQAEQLRRQLTPYAQRMERVLRENADSLQASLRPHADELKAKIDQNVEELKGRLTPYADEFKVKIDQTVEELRRSLAPYAQDTQEKLNHQLEGLTFQMKKNAEELKARISASAEELRQRLAPLAEDVRGNLRGNTEGLQKSLAELGGHLDQQVEEFRRRVEPYGENFNKALVQQMEQLRQKLGPHAGDVEGHLSFLEKDLRDKVNSFFSTFKEKESQDKTLSLPELEQQQEQQQEQQQEQVQMLAPLES
P19823,Inter-alpha-trypsin inhibitor heavy chain H2 (ITI heavy chain H2) (ITI-HC2) (Inter-alpha-inhibitor heavy chain 2) (Inter-alpha-trypsin inhibitor complex component II) (Serum-derived hyaluronan-associated protein) (SHAP),ITIH2 IGHEP2,Homo sapiens (Human),MKRLTCFFICFFLSEVSGFEIPINGLSEFVDYEDLVELAPGKFQLVAENRRYQRSLPGESEEMMEEVDQVTLYSYKVQSTITSRMATTMIQSKVVNNSPQPQNVVFDVQIPKGAFISNFSMTVDGKTFRSSIKEKTVGRALYAQARAKGKTAGLVRSSALDMENFRTEVNVLPGAKVQFELHYQEVKWRKLGSYEHRIYLQPGRLAKHLEVDVWVIEPQGLRFLHVPDTFEGHFDGVPVISKGQQKAHVSFKPTVAQQRICPNCRETAVDGELVVLYDVKREEKAGELEVFNGYFVHFFAPDNLDPIPKNILFVIDVSGSMWGVKMKQTVEAMKTILDDLRAEDHFSVIDFNQNIRTWRNDLISATKTQVADAKRYIEKIQPSGGTNINEALLRAIFILNEANNLGLLDPNSVSLIILVSDGDPTVGELKLSKIQKNVKENIQDNISLFSLGMGFDVDYDFLKRLSNENHGIAQRIYGNQDTSSQLKKFYNQVSTPLLRNVQFNYPHTSVTDVTQNNFHNYFGGSEIVVAGKFDPAKLDQIESVITATSANTQLVLETLAQMDDLQDFLSKDKHADPDFTRKLWAYLTINQLLAERSLAPTAAAKRRITRSILQMSLDHHIVTPLTSLVIENEAGDERMLADAPPQDPSCCSGALYYGSKVVPDSTPSWANPSPTPVISMLAQGSQVLESTPPPHVMRVENDPHFIIYLPKSQKNICFNIDSEPGKILNLVSDPESGIVVNGQLVGAKKPNNGKLSTYFGKLGFYFQSEDIKIEISTETITLSHGSSTFSLSWSDTAQVTNQRVQISVKKEKVVTITLDKEMSFSVLLHRVWKKHPVNVDFLGIYIPPTNKFSPKAHGLIGQFMQEPKIHIFNERPGKDPEKPEASMEVKGQKLIITRGLQKDYRTDLVFGTDVTCWFVHNSGKGFIDGHYKDYFVPQLYSFLKRP
P02749,Beta-2-glycoprotein 1 (APC inhibitor) (Activated protein C-binding protein) (Anticardiolipin cofactor) (Apolipoprotein H) (Apo-H) (Beta-2-glycoprotein I) (B2GPI) (Beta(2)GPI),APOH B2G1,Homo sapiens (Human),MISPVLILFSSFLCHVAIAGRTCPKPDDLPFSTVVPLKTFYEPGEEITYSCKPGYVSRGGMRKFICPLTGLWPINTLKCTPRVCPFAGILENGAVRYTTFEYPNTISFSCNTGFYLNGADSAKCTEEGKWSPELPVCAPIICPPPSIPTFATLRVYKPSAGNNSLYRDTAVFECLPQHAMFGNDTITCTTHGNWTKLPECREVKCPFPSRPDNGFVNYPAKPTLYYKDKATFGCHDGYSLDGPEEIECTKLGNWSAMPSCKASCKVPVKKATVVYQGERVKIQEKFKNGMLHGDKVSFFCKNKEKKCSYTEDAQCIDGTIEVPKCFKEHSSLAFWKTDASDVKPC
P43652,Afamin (Alpha-albumin) (Alpha-Alb),AFM ALB2 ALBA,Homo sapiens (Human),MKLLKLTGFIFFLFFLTESLTLPTQPRDIENFNSTQKFIEDNIEYITIIAFAQYVQEATFEEMEKLVKDMVEYKDRCMADKTLPECSKLPNNVLQEKICAMEGLPQKHNFSHCCSKVDAQRRLCFFYNKKSDVGFLPPFPTLDPEEKCQAYESNRESLLNHFLYEVARRNPFVFAPTLLTVAVHFEEVAKSCCEEQNKVNCLQTRAIPVTQYLKAFSSYQKHVCGALLKFGTKVVHFIYIAILSQKFPKIEFKELISLVEDVSSNYDGCCEGDVVQCIRDTSKVMNHICSKQDSISSKIKECCEKKIPERGQCIINSNKDDRPKDLSLREGKFTDSENVCQERDADPDTFFAKFTFEYSRRHPDLSIPELLRIVQIYKDLLRNCCNTENPPGCYRYAEDKFNETTEKSLKMVQQECKHFQNLGKDGLKYHYLIRLTKIAPQLSTEELVSLGEKMVTAFTTCCTLSEEFACVDNLADLVFGELCGVNENRTINPAVDHCCKTNFAFRRPCFESLKADKTYVPPPFSQDLFTFHADMCQSQNEELQRKTDRFLVNLVKLKHELTDEELQSLFTNFANVVDKCCKAESPEVCFNEESPKIGN
P04196,Histidine-rich glycoprotein (Histidine-proline-rich glycoprotein) (HPRG),HRG,Homo sapiens (Human),MKALIAALLLITLQYSCAVSPTDCSAVEPEAEKALDLINKRRRDGYLFQLLRIADAHLDRVENTTVYYLVLDVQESDCSVLSRKYWNDCEPPDSRRPSEIVIGQCKVIATRHSHESQDLRVIDFNCTTSSVSSALANTKDSPVLIDFFEDTERYRKQANKALEKYKEENDDFASFRVDRIERVARVRGGEGTGYFVDFSVRNCPRHHFPRHPNVFGFCRADLFYDVEALDLESPKNLVINCEVFDPQEHENINGVPPHLGHPFHWGGHERSSTTKPPFKPHGSRDHHHPHKPHEHGPPPPPDERDHSHGPPLPQGPPPLLPMSCSSCQHATFGTNGAQRHSHNNNSSDLHPHKHHSHEQHPHGHHPHAHHPHEHDTHRQHPHGHHPHGHHPHGHHPHGHHPHGHHPHCHDFQDYGPCDPPPHNQGHCCHGHGPPPGHLRRRGPGKGPRPFHCRQIGSVYRLPPLRKGEVLPLPEANFPSFPLPHHKHPLKPDNQPFPQSVSESCPGKFKSGFPQVSMFFTHTFPK
P29622,Kallistatin (Kallikrein inhibitor) (Peptidase inhibitor 4) (PI-4) (Serpin A4),SERPINA4 KST PI4,Homo sapiens (Human),MHLIDYLLLLLVGLLALSHGQLHVEHDGESCSNSSHQQILETGEGSPSLKIAPANADFAFRFYYLIASETPGKNIFFSPLSISAAYAMLSLGACSHSRSQILEGLGFNLTELSESDVHRGFQHLLHTLNLPGHGLETRVGSALFLSHNLKFLAKFLNDTMAVYEAKLFHTNFYDTVGTIQLINDHVKKETRGKIVDLVSELKKDVLMVLVNYIYFKALWEKPFISSRTTPKDFYVDENTTVRVPMMLQDQEHHWYLHDRYLPCSVLRMDYKGDATVFFILPNQGKMREIEEVLTPEMLMRWNNLLRKRNFYKKLELHLPKFSISGSYVLDQILPRLGFTDLFSKWADLSGITKQQKLEASKSFHKATLDVDEAGTEAAAATSFAIKFFSAQTNRHILRFNRPFLVVIFSTSTQSVLFLGKVVDPTKP
P80108,Phosphatidylinositol-glycan-specific phospholipase D (PI-G PLD) (EC 3.1.4.50) (Glycoprotein phospholipase D) (Glycosyl-phosphatidylinositol-specific phospholipase D) (GPI-PLD) (GPI-specific phospholipase D),GPLD1 PIGPLD1,Homo sapiens (Human),MSAFRLWPGLLIMLGSLCHRGSPCGLSTHVEIGHRALEFLQLHNGRVNYRELLLEHQDAYQAGIVFPDCFYPSICKGGKFHDVSESTHWTPFLNASVHYIRENYPLPWEKDTEKLVAFLFGITSHMAADVSWHSLGLEQGFLRTMGAIDFHGSYSEAHSAGDFGGDVLSQFEFNFNYLARRWYVPVKDLLGIYEKLYGRKVITENVIVDCSHIQFLEMYGEMLAVSKLYPTYSTKSPFLVEQFQEYFLGGLDDMAFWSTNIYHLTSFMLENGTSDCNLPENPLFIACGGQQNHTQGSKMQKNDFHRNLTTSLTESVDRNINYTERGVFFSVNSWTPDSMSFIYKALERNIRTMFIGGSQLSQKHVSSPLASYFLSFPYARLGWAMTSADLNQDGHGDLVVGAPGYSRPGHIHIGRVYLIYGNDLGLPPVDLDLDKEAHRILEGFQPSGRFGSALAVLDFNVDGVPDLAVGAPSVGSEQLTYKGAVYVYFGSKQGGMSSSPNITISCQDIYCNLGWTLLAADVNGDSEPDLVIGSPFAPGGGKQKGIVAAFYSGPSLSDKEKLNVEAANWTVRGEEDFSWFGYSLHGVTVDNRTLLLVGSPTWKNASRLGHLLHIRDEKKSLGRVYGYFPPNGQSWFTISGDKAMGKLGTSLSSGHVLMNGTLKQVLLVGAPTYDDVSKVAFLTVTLHQGGATRMYALTSDAQPLLLSTFSGDRRFSRFGGVLHLSDLDDDGLDEIIMAAPLRIADVTSGLIGGEDGRVYVYNGKETTLGDMTGKCKSWITPCPEEKAQYVLISPEASSRFGSSLITVRSKAKNQVVIAAGRSSLGARLSGALHVYSLGSD
P02765,Alpha-2-HS-glycoprotein (Alpha-2-Z-globulin) (Ba-alpha-2-glycoprotein) (Fetuin-A) [Cleaved into: Alpha-2-HS-glycoprotein chain A; Alpha-2-HS-glycoprotein chain B],AHSG FETUA PRO2743,Homo sapiens (Human),MKSLVLLLCLAQLWGCHSAPHGPGLIYRQPNCDDPETEEAALVAIDYINQNLPWGYKHTLNQIDEVKVWPQQPSGELFEIEIDTLETTCHVLDPTPVARCSVRQLKEHAVEGDCDFQLLKLDGKFSVVYAKCDSSPDSAEDVRKVCQDCPLLAPLNDTRVVHAAKAALAAFNAQNNGSNFQLEEISRAQLVPLPPSTYVEFTVSGTDCVAKEATEAAKCNLLAEKQYGFCKATLSEKLGGAEVAVTCMVFQTQPVSSQPQPEGANEAVPTPVVDPDAPPSPPLGAPGLPPAGSPPDSHVLLAAPPGHQLHRAHYDLRHTFMGVVSLGSPSGEVSHPRKTRTVVQPSVGAAAGPVVPPCPGRIRHFKV
P36955,Pigment epithelium-derived factor (PEDF) (Cell proliferation-inducing gene 35 protein) (EPC-1) (Serpin F1),SERPINF1 PEDF PIG35,Homo sapiens (Human),MQALVLLLCIGALLGHSSCQNPASPPEEGSPDPDSTGALVEEEDPFFKVPVNKLAAAVSNFGYDLYRVRSSTSPTTNVLLSPLSVATALSALSLGAEQRTESIIHRALYYDLISSPDIHGTYKELLDTVTAPQKNLKSASRIVFEKKLRIKSSFVAPLEKSYGTRPRVLTGNPRLDLQEINNWVQAQMKGKLARSTKEIPDEISILLLGVAHFKGQWVTKFDSRKTSLEDFYLDEERTVRVPMMSDPKAVLRYGLDSDLSCKIAQLPLTGSMSIIFFLPLKVTQNLTLIEESLTSEFIHDIDRELKTVQAVLTVPKLKLSYEGEVTKSLQEMKLQSLFDSPDFSKITGKPIKLTQVEHRAGFEWNEDGAGTTPSPGLQPAHLTFPLDYHLNQPFIFVLRDTDTGALLFIGKILDPRGP
P02652,Apolipoprotein A-II (Apo-AII) (ApoA-II) (Apolipoprotein A2) [Cleaved into: Proapolipoprotein A-II (ProapoA-II); Truncated apolipoprotein A-II (Apolipoprotein A-II(1-76))],APOA2,Homo sapiens (Human),MKLLAATVLLLTICSLEGALVRRQAKEPCVESLVSQYFQTVTDYGKDLMEKVKSPELQAEAKSYFEKSKEQLTPLIKKAGTELVNFLSYFVELGTQPATQ
P02753,Retinol-binding protein 4 (Plasma retinol-binding protein) (PRBP) (RBP) [Cleaved into: Plasma retinol-binding protein(1-182); Plasma retinol-binding protein(1-181); Plasma retinol-binding protein(1-179); Plasma retinol-binding protein(1-176)],RBP4 PRO2222,Homo sapiens (Human),MKWVWALLLLAALGSGRAERDCRVSSFRVKENFDKARFSGTWYAMAKKDPEGLFLQDNIVAEFSVDETGQMSATAKGRVRLLNNWDVCADMVGTFTDTEDPAKFKMKYWGVASFLQKGNDDHWIVDTDYDTYAVQYSCRLLNLDGTCADSYSFVFSRDPNGLPPEAQKIVRQRQEELCLARQYRLIVHNGYCDGRSERNLL
Q96PD5,N-acetylmuramoyl-L-alanine amidase (EC 3.5.1.28) (Peptidoglycan recognition protein 2) (Peptidoglycan recognition protein long) (PGRP-L),PGLYRP2 PGLYRPL PGRPL UNQ3103/PRO10102,Homo sapiens (Human),MAQGVLWILLGLLLWSDPGTASLPLLMDSVIQALAELEQKVPAAKTRHTASAWLMSAPNSGPHNRLYHFLLGAWSLNATELDPCPLSPELLGLTKEVARHDVREGKEYGVVLAPDGSTVAVEPLLAGLEAGLQGRRVINLPLDSMAAPWETGDTFPDVVAIAPDVRATSSPGLRDGSPDVTTADIGANTPDATKGCPDVQASLPDAKAKSPPTMVDSLLAVTLAGNLGLTFLRGSQTQSHPDLGTEGCWDQLSAPRTFTLLDPKASLLTMAFLNGALDGVILGDYLSRTPEPRPSLSHLLSQYYGAGVARDPGFRSNFRRQNGAALTSASILAQQVWGTLVLLQRLEPVHLQLQCMSQEQLAQVAANATKEFTEAFLGCPAIHPRCRWGAAPYRGRPKLLQLPLGFLYVHHTYVPAPPCTDFTRCAANMRSMQRYHQDTQGWGDIGYSFVVGSDGYVYEGRGWHWVGAHTLGHNSRGFGVAIVGNYTAALPTEAALRTVRDTLPSCAVRAGLLRPDYALLGHRQLVRTDCPGDALFDLLRTWPHFTATVKPRPARSVSKRSRREPPPRTLPATDLQ
Q04756,Hepatocyte growth factor activator (HGF activator) (HGFA) (EC 3.4.21.-) [Cleaved into: Hepatocyte growth factor activator short chain; Hepatocyte growth factor activator long chain],HGFAC,Homo sapiens (Human),MGRWAWVPSPWPPPGLGPFLLLLLLLLLLPRGFQPQPGGNRTESPEPNATATPAIPTILVTSVTSETPATSAPEAEGPQSGGLPPPPRAVPSSSSPQAQALTEDGRPCRFPFRYGGRMLHACTSEGSAHRKWCATTHNYDRDRAWGYCVEATPPPGGPAALDPCASGPCLNGGSCSNTQDPQSYHCSCPRAFTGKDCGTEKCFDETRYEYLEGGDRWARVRQGHVEQCECFGGRTWCEGTRHTACLSSPCLNGGTCHLIVATGTTVCACPPGFAGRLCNIEPDERCFLGNGTGYRGVASTSASGLSCLAWNSDLLYQELHVDSVGAAALLGLGPHAYCRNPDNDERPWCYVVKDSALSWEYCRLEACESLTRVQLSPDLLATLPEPASPGRQACGRRHKKRTFLRPRIIGGSSSLPGSHPWLAAIYIGDSFCAGSLVHTCWVVSAAHCFSHSPPRDSVSVVLGQHFFNRTTDVTQTFGIEKYIPYTLYSVFNPSDHDLVLIRLKKKGDRCATRSQFVQPICLPEPGSTFPAGHKCQIAGWGHLDENVSGYSSSLREALVPLVADHKCSSPEVYGADISPNMLCAGYFDCKSDACQGDSGGPLACEKNGVAYLYGIISWGDGCGRLHKPGVYTRVANYVDWINDRIRPPRRLVAPS
P51884,Lumican (Keratan sulfate proteoglycan lumican) (KSPG lumican),LUM LDC SLRR2D,Homo sapiens (Human),MSLSAFTLFLALIGGTSGQYYDYDFPLSIYGQSSPNCAPECNCPESYPSAMYCDELKLKSVPMVPPGIKYLYLRNNQIDHIDEKAFENVTDLQWLILDHNLLENSKIKGRVFSKLKQLKKLHINHNNLTESVGPLPKSLEDLQLTHNKITKLGSFEGLVNLTFIHLQHNRLKEDAVSAAFKGLKSLEYLDLSFNQIARLPSGLPVSLLTLYLDNNKISNIPDEYFKRFNALQYLRLSHNELADSGIPGNSFNVSSLVELDLSYNKLKNIPTVNENLENYYLEVNQLEKFDIKSFCKILGPLSYSKIKHLRLDGNRISETSLPPDMYECLRVANEVTLN
P49747,Cartilage oligomeric matrix protein (COMP) (Thrombospondin-5) (TSP5),COMP,Homo sapiens (Human),MVPDTACVLLLTLAALGASGQGQSPLGSDLGPQMLRELQETNAALQDVRELLRQQVREITFLKNTVMECDACGMQQSVRTGLPSVRPLLHCAPGFCFPGVACIQTESGARCGPCPAGFTGNGSHCTDVNECNAHPCFPRVRCINTSPGFRCEACPPGYSGPTHQGVGLAFAKANKQVCTDINECETGQHNCVPNSVCINTRGSFQCGPCQPGFVGDQASGCQRRAQRFCPDGSPSECHEHADCVLERDGSRSCVCAVGWAGNGILCGRDTDLDGFPDEKLRCPERQCRKDNCVTVPNSGQEDVDRDGIGDACDPDADGDGVPNEKDNCPLVRNPDQRNTDEDKWGDACDNCRSQKNDDQKDTDQDGRGDACDDDIDGDRIRNQADNCPRVPNSDQKDSDGDGIGDACDNCPQKSNPDQADVDHDFVGDACDSDQDQDGDGHQDSRDNCPTVPNSAQEDSDHDGQGDACDDDDDNDGVPDSRDNCRLVPNPGQEDADRDGVGDVCQDDFDADKVVDKIDVCPENAEVTLTDFRAFQTVVLDPEGDAQIDPNWVVLNQGREIVQTMNSDPGLAVGYTAFNGVDFEGTFHVNTVTDDDYAGFIFGYQDSSSFYVVMWKQMEQTYWQANPFRAVAEPGIQLKAVKSSTGPGEQLRNALWHTGDTESQVRLLWKDPRNVGWKDKKSYRWFLQHRPQVGYIRVRFYEGPELVADSNVVLDTTMRGGRLGVFCFSQENIIWANLRYRCNDTIPEDYETHQLRQA
P11021,Endoplasmic reticulum chaperone BiP (EC 3.6.4.10) (78 kDa glucose-regulated protein) (GRP-78) (Binding-immunoglobulin protein) (BiP) (Heat shock protein 70 family protein 5) (HSP70 family protein 5) (Heat shock protein family A member 5) (Immunoglobulin heavy chain-binding protein),HSPA5 GRP78,Homo sapiens (Human),MKLSLVAAMLLLLSAARAEEEDKKEDVGTVVGIDLGTTYSCVGVFKNGRVEIIANDQGNRITPSYVAFTPEGERLIGDAAKNQLTSNPENTVFDAKRLIGRTWNDPSVQQDIKFLPFKVVEKKTKPYIQVDIGGGQTKTFAPEEISAMVLTKMKETAEAYLGKKVTHAVVTVPAYFNDAQRQATKDAGTIAGLNVMRIINEPTAAAIAYGLDKREGEKNILVFDLGGGTFDVSLLTIDNGVFEVVATNGDTHLGGEDFDQRVMEHFIKLYKKKTGKDVRKDNRAVQKLRREVEKAKRALSSQHQARIEIESFYEGEDFSETLTRAKFEELNMDLFRSTMKPVQKVLEDSDLKKSDIDEIVLVGGSTRIPKIQQLVKEFFNGKEPSRGINPDEAVAYGAAVQAGVLSGDQDTGDLVLLDVCPLTLGIETVGGVMTKLIPRNTVVPTKKSQIFSTASDNQPTVTIKVYEGERPLTKDNHLLGTFDLTGIPPAPRGVPQIEVTFEIDVNGILRVTAEDKGTGNKNKITITNDQNRLTPEEIERMVNDAEKFAEEDKKLKERIDTRNELESYAYSLKNQIGDKEKLGGKLSSEDKETMEKAVEEKIEWLESHQDADIEDFKAKKKELEEIVQPIISKLYGSAGPPPTGEEDTAEKDEL
Q12805,EGF-containing fibulin-like extracellular matrix protein 1 (Extracellular protein S1-5) (Fibrillin-like protein) (Fibulin-3) (FIBL-3),EFEMP1 FBLN3 FBNL,Homo sapiens (Human),MLKALFLTMLTLALVKSQDTEETITYTQCTDGYEWDPVRQQCKDIDECDIVPDACKGGMKCVNHYGGYLCLPKTAQIIVNNEQPQQETQPAEGTSGATTGVVAASSMATSGVLPGGGFVASAAAVAGPEMQTGRNNFVIRRNPADPQRIPSNPSHRIQCAAGYEQSEHNVCQDIDECTAGTHNCRADQVCINLRGSFACQCPPGYQKRGEQCVDIDECTIPPYCHQRCVNTPGSFYCQCSPGFQLAANNYTCVDINECDASNQCAQQCYNILGSFICQCNQGYELSSDRLNCEDIDECRTSSYLCQYQCVNEPGKFSCMCPQGYQVVRSRTCQDINECETTNECREDEMCWNYHGGFRCYPRNPCQDPYILTPENRCVCPVSNAMCRELPQSIVYKYMSIRSDRSVPSDIFQIQATTIYANTINTFRIKSGNENGEFYLRQTSPVSAMLVLVKSLSGPREHIVDLEMLTVSSIGTFRTSSVLRLTIIVGPFSF
Q9UHG3,Prenylcysteine oxidase 1 (EC 1.8.3.5) (Prenylcysteine lyase),PCYOX1 KIAA0908 PCL1 UNQ597/PRO1183,Homo sapiens (Human),MGRVVAELVSSLLGLWLLLCSCGCPEGAELRAPPDKIAIIGAGIGGTSAAYYLRQKFGKDVKIDLFEREEVGGRLATMMVQGQEYEAGGSVIHPLNLHMKRFVKDLGLSAVQASGGLLGIYNGETLVFEESNWFIINVIKLVWRYGFQSLRMHMWVEDVLDKFMRIYRYQSHDYAFSSVEKLLHALGGDDFLGMLNRTLLETLQKAGFSEKFLNEMIAPVMRVNYGQSTDINAFVGAVSLSCSDSGLWAVEGGNKLVCSGLLQASKSNLISGSVMYIEEKTKTKYTGNPTKMYEVVYQIGTETRSDFYDIVLVATPLNRKMSNITFLNFDPPIEEFHQYYQHIVTTLVKGELNTSIFSSRPIDKFGLNTVLTTDNSDLFINSIGIVPSVREKEDPEPSTDGTYVWKIFSQETLTKAQILKLFLSYDYAVKKPWLAYPHYKPPEKCPSIILHDRLYYLNGIECAASAMEMSAIAAHNAALLAYHRWNGHTDMIDQDGLYEKLKTEL
P17936,Insulin-like growth factor-binding protein 3 (IBP-3) (IGF-binding protein 3) (IGFBP-3),IGFBP3 IBP3,Homo sapiens (Human),MQRARPTLWAAALTLLVLLRGPPVARAGASSAGLGPVVRCEPCDARALAQCAPPPAVCAELVREPGCGCCLTCALSEGQPCGIYTERCGSGLRCQPSPDEARPLQALLDGRGLCVNASAVSRLRAYLLPAPPAPGNASESEEDRSAGSVESPSVSSTHRVSDPKFHPLHSKIIIIKKGHAKDSQRYKVDYESQSTDTQNFSSESKRETEYGPCRREMEDTLNHLKFLNVLSPRGVHIPNCDKKGFYKKKQCRPSKGRKRGFCWCVDKYGQPLPGYTTKGKEDVHCYSMQSK
P05452,Tetranectin (TN) (C-type lectin domain family 3 member B) (Plasminogen kringle 4-binding protein),CLEC3B TNA,Homo sapiens (Human),MELWGAYLLLCLFSLLTQVTTEPPTQKPKKIVNAKKDVVNTKMFEELKSRLDTLAQEVALLKEQQALQTVCLKGTKVHMKCFLAFTQTKTFHEASEDCISRGGTLGTPQTGSENDALYEYLRQSVGNEAEIWLGLNDMAAEGTWVDMTGARIAYKNWETEITAQPDGGKTENCAVLSGAANGKWFDKRCRDQLPYICQFGIV
P22105,Tenascin-X (TN-X) (Hexabrachion-like protein),TNXB HXBL TNX TNXB1 TNXB2 XB,Homo sapiens (Human),MMPAQYALTSSLVLLVLLSTARAGPFSSRSNVTLPAPRPPPQPGGHTVGAGVGSPSSQLYEHTVEGGEKQVVFTHRINLPPSTGCGCPPGTEPPVLASEVQALRVRLEILEELVKGLKEQCTGGCCPASAQAGTGQTDVRTLCSLHGVFDLSRCTCSCEPGWGGPTCSDPTDAEIPPSSPPSASGSCPDDCNDQGRCVRGRCVCFPGYTGPSCGWPSCPGDCQGRGRCVQGVCVCRAGFSGPDCSQRSCPRGCSQRGRCEGGRCVCDPGYTGDDCGMRSCPRGCSQRGRCENGRCVCNPGYTGEDCGVRSCPRGCSQRGRCKDGRCVCDPGYTGEDCGTRSCPWDCGEGGRCVDGRCVCWPGYTGEDCSTRTCPRDCRGRGRCEDGECICDTGYSGDDCGVRSCPGDCNQRGRCEDGRCVCWPGYTGTDCGSRACPRDCRGRGRCENGVCVCNAGYSGEDCGVRSCPGDCRGRGRCESGRCMCWPGYTGRDCGTRACPGDCRGRGRCVDGRCVCNPGFTGEDCGSRRCPGDCRGHGLCEDGVCVCDAGYSGEDCSTRSCPGGCRGRGQCLDGRCVCEDGYSGEDCGVRQCPNDCSQHGVCQDGVCICWEGYVSEDCSIRTCPSNCHGRGRCEEGRCLCDPGYTGPTCATRMCPADCRGRGRCVQGVCLCHVGYGGEDCGQEEPPASACPGGCGPRELCRAGQCVCVEGFRGPDCAIQTCPGDCRGRGECHDGSCVCKDGYAGEDCGEEVPTIEGMRMHLLEETTVRTEWTPAPGPVDAYEIQFIPTTEGASPPFTARVPSSASAYDQRGLAPGQEYQVTVRALRGTSWGLPASKTITTMIDGPQDLRVVAVTPTTLELGWLRPQAEVDRFVVSYVSAGNQRVRLEVPPEADGTLLTDLMPGVEYVVTVTAERGRAVSYPASVRANTGSSPLGLLGTTDEPPPSGPSTTQGAQAPLLQQRPQELGELRVLGRDETGRLRVVWTAQPDTFAYFQLRMRVPEGPGAHEEVLPGDVRQALVPPPPPGTPYELSLHGVPPGGKPSDPIIYQGIMDKDEEKPGKSSGPPRLGELTVTDRTSDSLLLRWTVPEGEFDSFVIQYKDRDGQPQVVPVEGPQRSAVITSLDPGRKYKFVLYGFVGKKRHGPLVAEAKILPQSDPSPGTPPHLGNLWVTDPTPDSLHLSWTVPEGQFDTFMVQYRDRDGRPQVVPVEGPERSFVVSSLDPDHKYRFTLFGIANKKRYGPLTADGTTAPERKEEPPRPEFLEQPLLGELTVTGVTPDSLRLSWTVAQGPFDSFMVQYKDAQGQPQAVPVAGDENEVTVPGLDPDRKYKMNLYGLRGRQRVGPESVVAKTAPQEDVDETPSPTELGTEAPESPEEPLLGELTVTGSSPDSLSLFWTVPQGSFDSFTVQYKDRDGRPRAVRVGGKESEVTVGGLEPGHKYKMHLYGLHEGQRVGPVSAVGVTAPQQEETPPATESPLEPRLGELTVTDVTPNSVGLSWTVPEGQFDSFIVQYKDKDGQPQVVPVAADQREVTVYNLEPERKYKMNMYGLHDGQRMGPLSVVIVTAPLPPAPATEASKPPLEPRLGELTVTDITPDSVGLSWTVPEGEFDSFVVQYKDRDGQPQVVPVAADQREVTIPDLEPSRKYKFLLFGIQDGKRRSPVSVEAKTVARGDASPGAPPRLGELWVTDPTPDSLRLSWTVPEGQFDSFVVQFKDKDGPQVVPVEGHERSVTVTPLDAGRKYRFLLYGLLGKKRHGPLTADGTTEARSAMDDTGTKRPPKPRLGEELQVTTVTQNSVGLSWTVPEGQFDSFVVQYKDRDGQPQVVPVEGSLREVSVPGLDPAHRYKLLLYGLHHGKRVGPISAVAITAGREETETETTAPTPPAPEPHLGELTVEEATSHTLHLSWMVTEGEFDSFEIQYTDRDGQLQMVRIGGDRNDITLSGLESDHRYLVTLYGFSDGKHVGPVHVEALTVPEEEKPSEPPTATPEPPIKPRLGELTVTDATPDSLSLSWTVPEGQFDHFLVQYRNGDGQPKAVRVPGHEEGVTISGLEPDHKYKMNLYGFHGGQRMGPVSVVGVTAAEEETPSPTEPSMEAPEPAEEPLLGELTVTGSSPDSLSLSWTVPQGRFDSFTVQYKDRDGRPQVVRVGGEESEVTVGGLEPGRKYKMHLYGLHEGRRVGPVSAVGVTAPEEESPDAPLAKLRLGQMTVRDITSDSLSLSWTVPEGQFDHFLVQFKNGDGQPKAVRVPGHEDGVTISGLEPDHKYKMNLYGFHGGQRVGPVSAVGLTAPGKDEEMAPASTEPPTPEPPIKPRLEELTVTDATPDSLSLSWTVPEGQFDHFLVQYKNGDGQPKATRVPGHEDRVTISGLEPDNKYKMNLYGFHGGQRVGPVSAIGVTAAEEETPSPTEPSMEAPEPPEEPLLGELTVTGSSPDSLSLSWTVPQGRFDSFTVQYKDRDGRPQVVRVGGEESEVTVGGLEPGRKYKMHLYGLHEGRRVGPVSTVGVTAPQEDVDETPSPTEPGTEAPGPPEEPLLGELTVTGSSPDSLSLSWTVPQGRFDSFTVQYKDRDGRPQAVRVGGQESKVTVRGLEPGRKYKMHLYGLHEGRRLGPVSAVGVTEDEAETTQAVPTMTPEPPIKPRLGELTMTDATPDSLSLSWTVPEGQFDHFLVQYRNGDGQPKAVRVPGHEDGVTISGLEPDHKYKMNLYGFHGGQRVGPISVIGVTAAEEETPSPTELSTEAPEPPEEPLLGELTVTGSSPDSLSLSWTIPQGHFDSFTVQYKDRDGRPQVMRVRGEESEVTVGGLEPGRKYKMHLYGLHEGRRVGPVSTVGVTAPEDEAETTQAVPTTTPEPPNKPRLGELTVTDATPDSLSLSWMVPEGQFDHFLVQYRNGDGQPKVVRVPGHEDGVTISGLEPDHKYKMNLYGFHGGQRVGPISVIGVTAAEEETPAPTEPSTEAPEPPEEPLLGELTVTGSSPDSLSLSWTIPQGRFDSFTVQYKDRDGRPQVVRVRGEESEVTVGGLEPGCKYKMHLYGLHEGQRVGPVSAVGVTAPKDEAETTQAVPTMTPEPPIKPRLGELTVTDATPDSLSLSWMVPEGQFDHFLVQYRNGDGQPKAVRVPGHEDGVTISGLEPDHKYKMNLYGFHGGQRVGPVSAIGVTEEETPSPTEPSTEAPEAPEEPLLGELTVTGSSPDSLSLSWTVPQGRFDSFTVQYKDRDGQPQVVRVRGEESEVTVGGLEPGRKYKMHLYGLHEGQRVGPVSTVGITAPLPTPLPVEPRLGELAVAAVTSDSVGLSWTVAQGPFDSFLVQYRDAQGQPQAVPVSGDLRAVAVSGLDPARKYKFLLFGLQNGKRHGPVPVEARTAPDTKPSPRLGELTVTDATPDSVGLSWTVPEGEFDSFVVQYKDKDGRLQVVPVAANQREVTVQGLEPSRKYRFLLYGLSGRKRLGPISADSTTAPLEKELPPHLGELTVAEETSSSLRLSWTVAQGPFDSFVVQYRDTDGQPRAVPVAADQRTVTVEDLEPGKKYKFLLYGLLGGKRLGPVSALGMTAPEEDTPAPELAPEAPEPPEEPRLGVLTVTDTTPDSMRLSWSVAQGPFDSFVVQYEDTNGQPQALLVDGDQSKILISGLEPSTPYRFLLYGLHEGKRLGPLSAEGTTGLAPAGQTSEESRPRLSQLSVTDVTTSSLRLNWEAPPGAFDSFLLRFGVPSPSTLEPHPRPLLQRELMVPGTRHSAVLRDLRSGTLYSLTLYGLRGPHKADSIQGTARTLSPVLESPRDLQFSEIRETSAKVNWMPPPSRADSFKVSYQLADGGEPQSVQVDGQARTQKLQGLIPGARYEVTVVSVRGFEESEPLTGFLTTVPDGPTQLRALNLTEGFAVLHWKPPQNPVDTYDVQVTAPGAPPLQAETPGSAVDYPLHDLVLHTNYTATVRGLRGPNLTSPASITFTTGLEAPRDLEAKEVTPRTALLTWTEPPVRPAGYLLSFHTPGGQNQEILLPGGITSHQLLGLFPSTSYNARLQAMWGQSLLPPVSTSFTTGGLRIPFPRDCGEEMQNGAGASRTSTIFLNGNRERPLNVFCDMETDGGGWLVFQRRMDGQTDFWRDWEDYAHGFGNISGEFWLGNEALHSLTQAGDYSMRVDLRAGDEAVFAQYDSFHVDSAAEYYRLHLEGYHGTAGDSMSYHSGSVFSARDRDPNSLLISCAVSYRGAWWYRNCHYANLNGLYGSTVDHQGVSWYHWKGFEFSVPFTEMKLRPRNFRSPAGGG
P27918,Properdin (Complement factor P),CFP PFC,Homo sapiens (Human),MITEGAQAPRLLLPPLLLLLTLPATGSDPVLCFTQYEESSGKCKGLLGGGVSVEDCCLNTAFAYQKRSGGLCQPCRSPRWSLWSTWAPCSVTCSEGSQLRYRRCVGWNGQCSGKVAPGTLEWQLQACEDQQCCPEMGGWSGWGPWEPCSVTCSKGTRTRRRACNHPAPKCGGHCPGQAQESEACDTQQVCPTHGAWATWGPWTPCSASCHGGPHEPKETRSRKCSAPEPSQKPPGKPCPGLAYEQRRCTGLPPCPVAGGWGPWGPVSPCPVTCGLGQTMEQRTCNHPVPQHGGPFCAGDATRTHICNTAVPCPVDGEWDSWGEWSPCIRRNMKSISCQEIPGQQSRGRTCRGRKFDGHRCAGQQQDIRHCYSIQHCPLKGSWSEWSTWGLCMPPCGPNPTRARQRLCTPLLPKYPPTVSMVEGQGEKNVTFWGRPLPRCEELQGQKLVVEEKRPCLHVPACKDPEEEEL
Q9NQ79,Cartilage acidic protein 1 (68 kDa chondrocyte-expressed protein) (CEP-68) (ASPIC),CRTAC1 ASPIC1 CEP68,Homo sapiens (Human),MAPSADPGMSRMLPFLLLLWFLPITEGSQRAEPMFTAVTNSVLPPDYDSNPTQLNYGVAVTDVDHDGDFEIVVAGYNGPNLVLKYDRAQKRLVNIAVDERSSPYYALRDRQGNAIGVTACDIDGDGREEIYFLNTNNAFSGVATYTDKLFKFRNNRWEDILSDEVNVARGVASLFAGRSVACVDRKGSGRYSIYIANYAYGNVGPDALIEMDPEASDLSRGILALRDVAAEAGVSKYTGGRGVSVGPILSSSASDIFCDNENGPNFLFHNRGDGTFVDAAASAGVDDPHQHGRGVALADFNRDGKVDIVYGNWNGPHRLYLQMSTHGKVRFRDIASPKFSMPSPVRTVITADFDNDQELEIFFNNIAYRSSSANRLFRVIRREHGDPLIEELNPGDALEPEGRGTGGVVTDFDGDGMLDLILSHGESMAQPLSVFRGNQGFNNNWLRVVPRTRFGAFARGAKVVLYTKKSGAHLRIIDGGSGYLCEMEPVAHFGLGKDEASSVEVTWPDGKMVSRNVASGEMNSVLEILYPRDEDTLQDPAPLECGQGFSQQENGHCMDTNECIQFPFVCPRDKPVCVNTYGSYRCRTNKKCSRGYEPNEDGTACVGTLGQSPGPRPTTPTAAAATAAAAAAAGAATAAPVLVDGDLNLGSVVKESCEPSC
Q15485,Ficolin-2 (37 kDa elastin-binding protein) (Collagen/fibrinogen domain-containing protein 2) (EBP-37) (Ficolin-B) (Ficolin-beta) (Hucolin) (L-ficolin) (Serum lectin p35),FCN2 FCNL,Homo sapiens (Human),MELDRAVGVLGAATLLLSFLGMAWALQAADTCPEVKMVGLEGSDKLTILRGCPGLPGAPGPKGEAGTNGKRGERGPPGPPGKAGPPGPNGAPGEPQPCLTGPRTCKDLLDRGHFLSGWHTIYLPDCRPLTVLCDMDTDGGGWTVFQRRVDGSVDFYRDWATYKQGFGSRLGEFWLGNDNIHALTAQGTSELRVDLVDFEDNYQFAKYRSFKVADEAEKYNLVLGAFVEGSAGDSLTFHNNQSFSTKDQDNDLNTGNCAVMFQGAWWYKNCHVSNLNGRYLRGTHGSFANGINWKSGKGYNYSYKVSEMKVRPA
Q13201,Multimerin-1 (EMILIN-4) (Elastin microfibril interface located protein 4) (Elastin microfibril interfacer 4) (Endothelial cell multimerin) [Cleaved into: Platelet glycoprotein Ia*; 155 kDa platelet multimerin (p-155) (p155)],MMRN1 ECM EMILIN4 GPIA* MMRN,Homo sapiens (Human),MKGARLFVLLSSLWSGGIGLNNSKHSWTIPEDGNSQKTMPSASVPPNKIQSLQILPTTRVMSAEIATTPEARTSEDSLLKSTLPPSETSAPAEGVRNQTLTSTEKAEGVVKLQNLTLPTNASIKFNPGAESVVLSNSTLKFLQSFARKSNEQATSLNTVGGTGGIGGVGGTGGVGNRAPRETYLSRGDSSSSQRTDYQKSNFETTRGKNWCAYVHTRLSPTVILDNQVTYVPGGKGPCGWTGGSCPQRSQKISNPVYRMQHKIVTSLDWRCCPGYSGPKCQLRAQEQQSLIHTNQAESHTAVGRGVAEQQQQQGCGDPEVMQKMTDQVNYQAMKLTLLQKKIDNISLTVNDVRNTYSSLEGKVSEDKSREFQSLLKGLKSKSINVLIRDIVREQFKIFQNDMQETVAQLFKTVSSLSEDLESTRQIIQKVNESVVSIAAQQKFVLVQENRPTLTDIVELRNHIVNVRQEMTLTCEKPIKELEVKQTHLEGALEQEHSRSILYYESLNKTLSKLKEVHEQLLSTEQVSDQKNAPAAESVSNNVTEYMSTLHENIKKQSLMMLQMFEDLHIQESKINNLTVSLEMEKESLRGECEDMLSKCRNDFKFQLKDTEENLHVLNQTLAEVLFPMDNKMDKMSEQLNDLTYDMEILQPLLEQGASLRQTMTYEQPKEAIVIRKKIENLTSAVNSLNFIIKELTKRHNLLRNEVQGRDDALERRINEYALEMEDGLNKTMTIINNAIDFIQDNYALKETLSTIKDNSEIHHKCTSDMETILTFIPQFHRLNDSIQTLVNDNQRYNFVLQVAKTLAGIPRDEKLNQSNFQKMYQMFNETTSQVRKYQQNMSHLEEKLLLTTKISKNFETRLQDIESKVTQTLIPYYISVKKGSVVTNERDQALQLQVLNSRFKALEAKSIHLSINFFSLNKTLHEVLTMCHNASTSVSELNATIPKWIKHSLPDIQLLQKGLTEFVEPIIQIKTQAALSNLTCCIDRSLPGSLANVVKSQKQVKSLPKKINALKKPTVNLTTVLIGRTQRNTDNIIYPEEYSSCSRHPCQNGGTCINGRTSFTCACRHPFTGDNCTIKLVEENALAPDFSKGSYRYAPMVAFFASHTYGMTIPGPILFNNLDVNYGASYTPRTGKFRIPYLGVYVFKYTIESFSAHISGFLVVDGIDKLAFESENINSEIHCDRVLTGDALLELNYGQEVWLRLAKGTIPAKFPPVTTFSGYLLYRT
P40197,Platelet glycoprotein V (GPV) (Glycoprotein 5) (CD antigen CD42d),GP5,Homo sapiens (Human),MLRGTLLCAVLGLLRAQPFPCPPACKCVFRDAAQCSGGDVARISALGLPTNLTHILLFGMGRGVLQSQSFSGMTVLQRLMISDSHISAVAPGTFSDLIKLKTLRLSRNKITHLPGALLDKMVLLEQLFLDHNALRGIDQNMFQKLVNLQELALNQNQLDFLPASLFTNLENLKLLDLSGNNLTHLPKGLLGAQAKLERLLLHSNRLVSLDSGLLNSLGALTELQFHRNHIRSIAPGAFDRLPNLSSLTLSRNHLAFLPSALFLHSHNLTLLTLFENPLAELPGVLFGEMGGLQELWLNRTQLRTLPAAAFRNLSRLRYLGVTLSPRLSALPQGAFQGLGELQVLALHSNGLTALPDGLLRGLGKLRQVSLRRNRLRALPRALFRNLSSLESVQLDHNQLETLPGDVFGALPRLTEVLLGHNSWRCDCGLGPFLGWLRQHLGLVGGEEPPRCAGPGAHAGLPLWALPGGDAECPGPRGPPPRPAADSSSEAPVHPALAPNSSEPWVWAQPVTTGKGQDHSPFWGFYFLLLAVQAMITVIIVFAMIKIGQLFRKLIRERALG
O95445,Apolipoprotein M (Apo-M) (ApoM) (Protein G3a),APOM G3A NG20 HSPC336,Homo sapiens (Human),MFHQIWAALLYFYGIILNSIYQCPEHSQLTTLGVDGKEFPEVHLGQWYFIAGAAPTKEELATFDPVDNIVFNMAAGSAPMQLHLRATIRMKDGLCVPRKWIYHLTEGSTDLRTEGRPDMKTELFSSSCPGGIMLNETGQGYQRFLLYNRSPHPPEKCVEEFKSLTSCLDSKAFLLTPRNQEACELSNN
P04180,Phosphatidylcholine-sterol acyltransferase (EC 2.3.1.43) (1-alkyl-2-acetylglycerophosphocholine esterase) (EC 3.1.1.47) (Lecithin-cholesterol acyltransferase) (Phospholipid-cholesterol acyltransferase) (Platelet-activating factor acetylhydrolase) (PAF acetylhydrolase),LCAT,Homo sapiens (Human),MGPPGSPWQWVTLLLGLLLPPAAPFWLLNVLFPPHTTPKAELSNHTRPVILVPGCLGNQLEAKLDKPDVVNWMCYRKTEDFFTIWLDLNMFLPLGVDCWIDNTRVVYNRSSGLVSNAPGVQIRVPGFGKTYSVEYLDSSKLAGYLHTLVQNLVNNGYVRDETVRAAPYDWRLEPGQQEEYYRKLAGLVEEMHAAYGKPVFLIGHSLGCLHLLYFLLRQPQAWKDRFIDGFISLGAPWGGSIKPMLVLASGDNQGIPIMSSIKLKEEQRITTTSPWMFPSRMAWPEDHVFISTPSFNYTGRDFQRFFADLHFEEGWYMWLQSRDLLAGLPAPGVEVYCLYGVGLPTPRTYIYDHGFPYTDPVGVLYEDGDDTVATRSTELCGLWQGRQPQPVHLLPLHGIQHLNMVFSNLTLEHINAILLGAYRQGPPASPTASPEPPPPE
P09486,SPARC (Basement-membrane protein 40) (BM-40) (Osteonectin) (ON) (Secreted protein acidic and rich in cysteine),SPARC ON,Homo sapiens (Human),MRAWIFFLLCLAGRALAAPQQEALPDETEVVEETVAEVTEVSVGANPVQVEVGEFDDGAEETEEEVVAENPCQNHHCKHGKVCELDENNTPMCVCQDPTSCPAPIGEFEKVCSNDNKTFDSSCHFFATKCTLEGTKKGHKLHLDYIGPCKYIPPCLDSELTEFPLRMRDWLKNVLVTLYERDEDNNLLTEKQKLRVKKIHENEKRLEAGDHPVELLARDFEKNYNMYIFPVHWQFGQLDQHPIDGYLSHTELAPLRAPLIPMEHCTTRFFETCDLDNDKYIALDEWAGCFGIKQKDIDKDLVI
P07737,Profilin-1 (Epididymis tissue protein Li 184a) (Profilin I),PFN1,Homo sapiens (Human),MAGWNAYIDNLMADGTCQDAAIVGYKDSPSVWAAVPGKTFVNITPAEVGVLVGKDRSSFYVNGLTLGGQKCSVIRDSLLQDGEFSMDLRTKSTGGAPTFNVTVTKTDKTLVLLMGKEGVHGGLINKKCYEMASHLRRSQY
P02775,Platelet basic protein (PBP) (C-X-C motif chemokine 7) (Leukocyte-derived growth factor) (LDGF) (Macrophage-derived growth factor) (MDGF) (Small-inducible cytokine B7) [Cleaved into: Connective tissue-activating peptide III (CTAP-III) (LA-PF4) (Low-affinity platelet factor IV); TC-2; Connective tissue-activating peptide III(1-81) (CTAP-III(1-81)); Beta-thromboglobulin (Beta-TG); Neutrophil-activating peptide 2(74) (NAP-2(74)); Neutrophil-activating peptide 2(73) (NAP-2(73)); Neutrophil-activating peptide 2 (NAP-2); TC-1; Neutrophil-activating peptide 2(1-66) (NAP-2(1-66)); Neutrophil-activating peptide 2(1-63) (NAP-2(1-63))],PPBP CTAP3 CXCL7 SCYB7 TGB1 THBGB1,Homo sapiens (Human),MSLRLDTTPSCNSARPLHALQVLLLLSLLLTALASSTKGQTKRNLAKGKEESLDSDLYAELRCMCIKTTSGIHPKNIQSLEVIGKGTHCNQVEVIATLKDGRKICLDPDAPRIKKIVQKKLAGDESAD
P02776,"Platelet factor 4 (PF-4) (C-X-C motif chemokine 4) (Iroplact) (Oncostatin-A) [Cleaved into: Platelet factor 4, short form (Endothelial cell growth inhibitor)]",PF4 CXCL4 SCYB4,Homo sapiens (Human),MSSAAGFCASRPGLLFLGLLLLPLVVAFASAEAEEDGDLQCLCVKTTSQVRPRHITSLEVIKAGPHCPTAQLIATLKNGRKICLDLQAPLYKKIIKKLLES
Q15113,Procollagen C-endopeptidase enhancer 1 (Procollagen COOH-terminal proteinase enhancer 1) (PCPE-1) (Procollagen C-proteinase enhancer 1) (Type 1 procollagen C-proteinase enhancer protein) (Type I procollagen COOH-terminal proteinase enhancer),PCOLCE PCPE1,Homo sapiens (Human),MLPAATASLLGPLLTACALLPFAQGQTPNYTRPVFLCGGDVKGESGYVASEGFPNLYPPNKECIWTITVPEGQTVSLSFRVFDLELHPACRYDALEVFAGSGTSGQRLGRFCGTFRPAPLVAPGNQVTLRMTTDEGTGGRGFLLWYSGRATSGTEHQFCGGRLEKAQGTLTTPNWPESDYPPGISCSWHIIAPPDQVIALTFEKFDLEPDTYCRYDSVSVFNGAVSDDSRRLGKFCGDAVPGSISSEGNELLVQFVSDLSVTADGFSASYKTLPRGTAKEGQGPGPKRGTEPKVKLPPKSQPPEKTEESPSAPDAPTCPKQCRRTGTLQSNFCASSLVVTATVKSMVREPGEGLAVTVSLIGAYKTGGLDLPSPPTGASLKFYVPCKQCPPMKKGVSYLLMGQVEENRGPVLPPESFVVLHRPNQDQILTNLSKRKCPSQPVRAAASQD
P21333,Filamin-A (FLN-A) (Actin-binding protein 280) (ABP-280) (Alpha-filamin) (Endothelial actin-binding protein) (Filamin-1) (Non-muscle filamin),FLNA FLN FLN1,Homo sapiens (Human),MSSSHSRAGQSAAGAAPGGGVDTRDAEMPATEKDLAEDAPWKKIQQNTFTRWCNEHLKCVSKRIANLQTDLSDGLRLIALLEVLSQKKMHRKHNQRPTFRQMQLENVSVALEFLDRESIKLVSIDSKAIVDGNLKLILGLIWTLILHYSISMPMWDEEEDEEAKKQTPKQRLLGWIQNKLPQLPITNFSRDWQSGRALGALVDSCAPGLCPDWDSWDASKPVTNAREAMQQADDWLGIPQVITPEEIVDPNVDEHSVMTYLSQFPKAKLKPGAPLRPKLNPKKARAYGPGIEPTGNMVKKRAEFTVETRSAGQGEVLVYVEDPAGHQEEAKVTANNDKNRTFSVWYVPEVTGTHKVTVLFAGQHIAKSPFEVYVDKSQGDASKVTAQGPGLEPSGNIANKTTYFEIFTAGAGTGEVEVVIQDPMGQKGTVEPQLEARGDSTYRCSYQPTMEGVHTVHVTFAGVPIPRSPYTVTVGQACNPSACRAVGRGLQPKGVRVKETADFKVYTKGAGSGELKVTVKGPKGEERVKQKDLGDGVYGFEYYPMVPGTYIVTITWGGQNIGRSPFEVKVGTECGNQKVRAWGPGLEGGVVGKSADFVVEAIGDDVGTLGFSVEGPSQAKIECDDKGDGSCDVRYWPQEAGEYAVHVLCNSEDIRLSPFMADIRDAPQDFHPDRVKARGPGLEKTGVAVNKPAEFTVDAKHGGKAPLRVQVQDNEGCPVEALVKDNGNGTYSCSYVPRKPVKHTAMVSWGGVSIPNSPFRVNVGAGSHPNKVKVYGPGVAKTGLKAHEPTYFTVDCAEAGQGDVSIGIKCAPGVVGPAEADIDFDIIRNDNDTFTVKYTPRGAGSYTIMVLFADQATPTSPIRVKVEPSHDASKVKAEGPGLSRTGVELGKPTHFTVNAKAAGKGKLDVQFSGLTKGDAVRDVDIIDHHDNTYTVKYTPVQQGPVGVNVTYGGDPIPKSPFSVAVSPSLDLSKIKVSGLGEKVDVGKDQEFTVKSKGAGGQGKVASKIVGPSGAAVPCKVEPGLGADNSVVRFLPREEGPYEVEVTYDGVPVPGSPFPLEAVAPTKPSKVKAFGPGLQGGSAGSPARFTIDTKGAGTGGLGLTVEGPCEAQLECLDNGDGTCSVSYVPTEPGDYNINILFADTHIPGSPFKAHVVPCFDASKVKCSGPGLERATAGEVGQFQVDCSSAGSAELTIEICSEAGLPAEVYIQDHGDGTHTITYIPLCPGAYTVTIKYGGQPVPNFPSKLQVEPAVDTSGVQCYGPGIEGQGVFREATTEFSVDARALTQTGGPHVKARVANPSGNLTETYVQDRGDGMYKVEYTPYEEGLHSVDVTYDGSPVPSSPFQVPVTEGCDPSRVRVHGPGIQSGTTNKPNKFTVETRGAGTGGLGLAVEGPSEAKMSCMDNKDGSCSVEYIPYEAGTYSLNVTYGGHQVPGSPFKVPVHDVTDASKVKCSGPGLSPGMVRANLPQSFQVDTSKAGVAPLQVKVQGPKGLVEPVDVVDNADGTQTVNYVPSREGPYSISVLYGDEEVPRSPFKVKVLPTHDASKVKASGPGLNTTGVPASLPVEFTIDAKDAGEGLLAVQITDPEGKPKKTHIQDNHDGTYTVAYVPDVTGRYTILIKYGGDEIPFSPYRVRAVPTGDASKCTVTVSIGGHGLGAGIGPTIQIGEETVITVDTKAAGKGKVTCTVCTPDGSEVDVDVVENEDGTFDIFYTAPQPGKYVICVRFGGEHVPNSPFQVTALAGDQPSVQPPLRSQQLAPQYTYAQGGQQTWAPERPLVGVNGLDVTSLRPFDLVIPFTIKKGEITGEVRMPSGKVAQPTITDNKDGTVTVRYAPSEAGLHEMDIRYDNMHIPGSPLQFYVDYVNCGHVTAYGPGLTHGVVNKPATFTVNTKDAGEGGLSLAIEGPSKAEISCTDNQDGTCSVSYLPVLPGDYSILVKYNEQHVPGSPFTARVTGDDSMRMSHLKVGSAADIPINISETDLSLLTATVVPPSGREEPCLLKRLRNGHVGISFVPKETGEHLVHVKKNGQHVASSPIPVVISQSEIGDASRVRVSGQGLHEGHTFEPAEFIIDTRDAGYGGLSLSIEGPSKVDINTEDLEDGTCRVTYCPTEPGNYIINIKFADQHVPGSPFSVKVTGEGRVKESITRRRRAPSVANVGSHCDLSLKIPEISIQDMTAQVTSPSGKTHEAEIVEGENHTYCIRFVPAEMGTHTVSVKYKGQHVPGSPFQFTVGPLGEGGAHKVRAGGPGLERAEAGVPAEFSIWTREAGAGGLAIAVEGPSKAEISFEDRKDGSCGVAYVVQEPGDYEVSVKFNEEHIPDSPFVVPVASPSGDARRLTVSSLQESGLKVNQPASFAVSLNGAKGAIDAKVHSPSGALEECYVTEIDQDKYAVRFIPRENGVYLIDVKFNGTHIPGSPFKIRVGEPGHGGDPGLVSAYGAGLEGGVTGNPAEFVVNTSNAGAGALSVTIDGPSKVKMDCQECPEGYRVTYTPMAPGSYLISIKYGGPYHIGGSPFKAKVTGPRLVSNHSLHETSSVFVDSLTKATCAPQHGAPGPGPADASKVVAKGLGLSKAYVGQKSSFTVDCSKAGNNMLLVGVHGPRTPCEEILVKHVGSRLYSVSYLLKDKGEYTLVVKWGDEHIPGSPYRVVVP
Q6UX71,Plexin domain-containing protein 2 (Tumor endothelial marker 7-related protein),PLXDC2 TEM7R UNQ2514/PRO6003,Homo sapiens (Human),MARFPKADLAAAGVMLLCHFFTDQFQFADGKPGDQILDWQYGVTQAFPHTEEEVEVDSHAYSHRWKRNLDFLKAVDTNRASVGQDSPEPRSFTDLLLDDGQDNNTQIEEDTDHNYYISRIYGPSDSASRDLWVNIDQMEKDKVKIHGILSNTHRQAARVNLSFDFPFYGHFLREITVATGGFIYTGEVVHRMLTATQYIAPLMANFDPSVSRNSTVRYFDNGTALVVQWDHVHLQDNYNLGSFTFQATLLMDGRIIFGYKEIPVLVTQISSTNHPVKVGLSDAFVVVHRIQQIPNVRRRTIYEYHRVELQMSKITNISAVEMTPLPTCLQFNRCGPCVSSQIGFNCSWCSKLQRCSSGFDRHRQDWVDSGCPEESKEKMCENTEPVETSSRTTTTVGATTTQFRVLTTTRRAVTSQFPTSLPTEDDTKIALHLKDNGASTDDSAAEKKGGTLHAGLIIGILILVLIVATAILVTVYMYHHPTSAASIFFIERRPSRWPAMKFRRGSGHPAYAEVEPVGEKEGFIVSEQC
P35443,Thrombospondin-4,THBS4 TSP4,Homo sapiens (Human),MLAPRGAAVLLLHLVLQRWLAAGAQATPQVFDLLPSSSQRLNPGALLPVLTDPALNDLYVISTFKLQTKSSATIFGLYSSTDNSKYFEFTVMGRLNKAILRYLKNDGKVHLVVFNNLQLADGRRHRILLRLSNLQRGAGSLELYLDCIQVDSVHNLPRAFAGPSQKPETIELRTFQRKPQDFLEELKLVVRGSLFQVASLQDCFLQQSEPLAATGTGDFNRQFLGQMTQLNQLLGEVKDLLRQQVKETSFLRNTIAECQACGPLKFQSPTPSTVVPPAPPAPPTRPPRRCDSNPCFRGVQCTDSRDGFQCGPCPEGYTGNGITCIDVDECKYHPCYPGVHCINLSPGFRCDACPVGFTGPMVQGVGISFAKSNKQVCTDIDECRNGACVPNSICVNTLGSYRCGPCKPGYTGDQIRGCKAERNCRNPELNPCSVNAQCIEERQGDVTCVCGVGWAGDGYICGKDVDIDSYPDEELPCSARNCKKDNCKYVPNSGQEDADRDGIGDACDEDADGDGILNEQDNCVLIHNVDQRNSDKDIFGDACDNCLSVLNNDQKDTDGDGRGDACDDDMDGDGIKNILDNCPKFPNRDQRDKDGDGVGDACDSCPDVSNPNQSDVDNDLVGDSCDTNQDSDGDGHQDSTDNCPTVINSAQLDTDKDGIGDECDDDDDNDGIPDLVPPGPDNCRLVPNPAQEDSNSDGVGDICESDFDQDQVIDRIDVCPENAEVTLTDFRAYQTVVLDPEGDAQIDPNWVVLNQGMEIVQTMNSDPGLAVGYTAFNGVDFEGTFHVNTQTDDDYAGFIFGYQDSSSFYVVMWKQTEQTYWQATPFRAVAEPGIQLKAVKSKTGPGEHLRNSLWHTGDTSDQVRLLWKDSRNVGWKDKVSYRWFLQHRPQVGYIRVRFYEGSELVADSGVTIDTTMRGGRLGVFCFSQENIIWSNLKYRCNDTIPEDFQEFQTQNFDRFDN
P10720,Platelet factor 4 variant (C-X-C motif chemokine 4 variant) (CXCL4L1) (PF4alt) (PF4var1) [Cleaved into: Platelet factor 4 variant(4-74); Platelet factor 4 variant(5-74); Platelet factor 4 variant(6-74)],PF4V1 CXCL4V1 SCYB4V1,Homo sapiens (Human),MSSAARSRLTRATRQEMLFLALLLLPVVVAFARAEAEEDGDLQCLCVKTTSQVRPRHITSLEVIKAGPHCPTAQLIATLKNGRKICLDLQALLYKKIIKEHLES
P55058,Phospholipid transfer protein (Lipid transfer protein II),PLTP,Homo sapiens (Human),MALFGALFLALLAGAHAEFPGCKIRVTSKALELVKQEGLRFLEQELETITIPDLRGKEGHFYYNISEVKVTELQLTSSELDFQPQQELMLQITNASLGLRFRRQLLYWFFYDGGYINASAEGVSIRTGLELSRDPAGRMKVSNVSCQASVSRMHAAFGGTFKKVYDFLSTFITSGMRFLLNQQICPVLYHAGTVLLNSLLDTVPVRSSVDELVGIDYSLMKDPVASTSNLDMDFRGAFFPLTERNWSLPNRAVEPQLQEEERMVYVAFSEFFFDSAMESYFRAGALQLLLVGDKVPHDLDMLLRATYFGSIVLLSPAVIDSPLKLELRVLAPPRCTIKPSGTTISVTASVTIALVPPDQPEVQLSSMTMDARLSAKMALRGKALRTQLDLRRFRIYSNHSALESLALIPLQAPLKTMLQIGVMPMLNERTWRGVQIPLPEGINFVHEVVTNHAGFLTIGADLHFAKGLREVIEKNRPADVRASTAPTPSTAAV
P07359,Platelet glycoprotein Ib alpha chain (GP-Ib alpha) (GPIb-alpha) (GPIbA) (Glycoprotein Ibalpha) (Antigen CD42b-alpha) (CD antigen CD42b) [Cleaved into: Glycocalicin],GP1BA,Homo sapiens (Human),MPLLLLLLLLPSPLHPHPICEVSKVASHLEVNCDKRNLTALPPDLPKDTTILHLSENLLYTFSLATLMPYTRLTQLNLDRCELTKLQVDGTLPVLGTLDLSHNQLQSLPLLGQTLPALTVLDVSFNRLTSLPLGALRGLGELQELYLKGNELKTLPPGLLTPTPKLEKLSLANNNLTELPAGLLNGLENLDTLLLQENSLYTIPKGFFGSHLLPFAFLHGNPWLCNCEILYFRRWLQDNAENVYVWKQGVDVKAMTSNVASVQCDNSDKFPVYKYPGKGCPTLGDEGDTDLYDYYPEEDTEGDKVRATRTVVKFPTKAHTTPWGLFYSWSTASLDSQMPSSLHPTQESTKEQTTFPPRWTPNFTLHMESITFSKTPKSTTEPTPSPTTSEPVPEPAPNMTTLEPTPSPTTPEPTSEPAPSPTTPEPTSEPAPSPTTPEPTSEPAPSPTTPEPTPIPTIATSPTILVSATSLITPKSTFLTTTKPVSLLESTKKTIPELDQPPKLRGVLQGHLESSRNDPFLHPDFCCLLPLGFYVLGLFWLLFASVVLILLLSWVGHVKPQALDSGQGAALTTATQTTHLELQRGRQVTVPRAWLLFLRGSLPTFRSSLFLWVRPNGRVGPLVAGRRPSALSQGRGQDLLSTVSIRYSGHSL
Q9Y5Y7,Lymphatic vessel endothelial hyaluronic acid receptor 1 (LYVE-1) (Cell surface retention sequence-binding protein 1) (CRSBP-1) (Extracellular link domain-containing protein 1) (Hyaluronic acid receptor),LYVE1 CRSBP1 HAR XLKD1 UNQ230/PRO263,Homo sapiens (Human),MARCFSLVLLLTSIWTTRLLVQGSLRAEELSIQVSCRIMGITLVSKKANQQLNFTEAKEACRLLGLSLAGKDQVETALKASFETCSYGWVGDGFVVISRISPNPKCGKNGVGVLIWKVPVSRQFAAYCYNSSDTWTNSCIPEIITTKDPIFNTQTATQTTEFIVSDSTYSVASPYSTIPAPTTTPPAPASTSIPRRKKLICVTEVFMETSTMSTETEPFVENKAAFKNEAAGFGGVPTALLVLALLFFGAAAGLGFCYVKRYVKAFPFTNKNQQKEMIETKVVKEEKANDSNPNEESKKTDKNPEESKSPSKTTVRCLEAEV
P54108,Cysteine-rich secretory protein 3 (CRISP-3) (Specific granule protein of 28 kDa) (SGP28),CRISP3,Homo sapiens (Human),MTLFPVLLFLVAGLLPSFPANEDKDPAFTALLTTQTQVQREIVNKHNELRRAVSPPARNMLKMEWNKEAAANAQKWANQCNYRHSNPKDRMTSLKCGENLYMSSASSSWSQAIQSWFDEYNDFDFGVGPKTPNAVVGHYTQVVWYSSYLVGCGNAYCPNQKVLKYYYVCQYCPAGNWANRLYVPYEQGAPCASCPDNCDDGLCTNGCKYEDLYSNCKSLKLTLTCKHQLVRDSCKASCNCSNSIY
P62937,"Peptidyl-prolyl cis-trans isomerase A (PPIase A) (EC 5.2.1.8) (Cyclophilin A) (Cyclosporin A-binding protein) (Rotamase A) [Cleaved into: Peptidyl-prolyl cis-trans isomerase A, N-terminally processed]",PPIA CYPA,Homo sapiens (Human),MVNPTVFFDIAVDGEPLGRVSFELFADKVPKTAENFRALSTGEKGFGYKGSCFHRIIPGFMCQGGDFTRHNGTGGKSIYGEKFEDENFILKHTGPGILSMANAGPNTNGSQFFICTAKTEWLDGKHVVFGKVKEGMNIVEAMERFGSRNGKTSKKITIADCGQLE
P37802,Transgelin-2 (Epididymis tissue protein Li 7e) (SM22-alpha homolog),TAGLN2 KIAA0120 CDABP0035,Homo sapiens (Human),MANRGPAYGLSREVQQKIEKQYDADLEQILIQWITTQCRKDVGRPQPGRENFQNWLKDGTVLCELINALYPEGQAPVKKIQASTMAFKQMEQISQFLQAAERYGINTTDIFQTVDLWEGKNMACVQRTLMNLGGLAVARDDGLFSGDPNWFPKKSKENPRNFSDNQLQEGKNVIGLQMGTNRGASQAGMTGYGMPRQIL
P24593,Insulin-like growth factor-binding protein 5 (IBP-5) (IGF-binding protein 5) (IGFBP-5),IGFBP5 IBP5,Homo sapiens (Human),MVLLTAVLLLLAAYAGPAQSLGSFVHCEPCDEKALSMCPPSPLGCELVKEPGCGCCMTCALAEGQSCGVYTERCAQGLRCLPRQDEEKPLHALLHGRGVCLNEKSYREQVKIERDSREHEEPTTSEMAEETYSPKIFRPKHTRISELKAEAVKKDRRKKLTQSKFVGGAENTAHPRIISAPEMRQESEQGPCRRHMEASLQELKASPRMVPRAVYLPNCDRKGFYKRKQCKPSRGRKRGICWCVDKYGMKLPGMEYVDGDFQCHTFDSSNVE
P11597,Cholesteryl ester transfer protein (Lipid transfer protein I),CETP,Homo sapiens (Human),MLAATVLTLALLGNAHACSKGTSHEAGIVCRITKPALLVLNHETAKVIQTAFQRASYPDITGEKAMMLLGQVKYGLHNIQISHLSIASSQVELVEAKSIDVSIQNVSVVFKGTLKYGYTTAWWLGIDQSIDFEIDSAIDLQINTQLTCDSGRVRTDAPDCYLSFHKLLLHLQGEREPGWIKQLFTNFISFTLKLVLKGQICKEINVISNIMADFVQTRAASILSDGDIGVDISLTGDPVITASYLESHHKGHFIYKNVSEDLPLPTFSPTLLGDSRMLYFWFSERVFHSLAKVAFQDGRLMLSLMGDEFKAVLETWGFNTNQEIFQEVVGGFPSQAQVTVHCLKMPKISCQNKGVVVNSSVMVKFLFPRPDQQHSVAYTFEEDIVTTVQASYSKKKLFLSLLDFQITPKTVSNLTESSSESVQSFLQSMITAVGIPEVMSRLEVVFTALMNSKGVSLFDIINPEIITRDGFLLLQMDFGFPEHLLVDFLQSLS
P01344,Insulin-like growth factor II (IGF-II) (Somatomedin-A) (T3M-11-derived growth factor) [Cleaved into: Insulin-like growth factor II; Insulin-like growth factor II Ala-25 Del; Preptin],IGF2 PP1446,Homo sapiens (Human),MGIPMGKSMLVLLTFLAFASCCIAAYRPSETLCGGELVDTLQFVCGDRGFYFSRPASRVSRRSRGIVEECCFRSCDLALLETYCATPAKSERDVSTPPTVLPDNFPRYPVGKFFQYDTWKQSTQRLRRGLPALLRARRGHVLAKELEAFREAKRHRPLIALPTQDPAHGGAPPEMASNRK
P16070,CD44 antigen (CDw44) (Epican) (Extracellular matrix receptor III) (ECMR-III) (GP90 lymphocyte homing/adhesion receptor) (HUTCH-I) (Heparan sulfate proteoglycan) (Hermes antigen) (Hyaluronate receptor) (Phagocytic glycoprotein 1) (PGP-1) (Phagocytic glycoprotein I) (PGP-I) (CD antigen CD44),CD44 LHR MDU2 MDU3 MIC4,Homo sapiens (Human),MDKFWWHAAWGLCLVPLSLAQIDLNITCRFAGVFHVEKNGRYSISRTEAADLCKAFNSTLPTMAQMEKALSIGFETCRYGFIEGHVVIPRIHPNSICAANNTGVYILTSNTSQYDTYCFNASAPPEEDCTSVTDLPNAFDGPITITIVNRDGTRYVQKGEYRTNPEDIYPSNPTDDDVSSGSSSERSSTSGGYIFYTFSTVHPIPDEDSPWITDSTDRIPATTLMSTSATATETATKRQETWDWFSWLFLPSESKNHLHTTTQMAGTSSNTISAGWEPNEENEDERDRHLSFSGSGIDDDEDFISSTISTTPRAFDHTKQNQDWTQWNPSHSNPEVLLQTTTRMTDVDRNGTTAYEGNWNPEAHPPLIHHEHHEEEETPHSTSTIQATPSSTTEETATQKEQWFGNRWHEGYRQTPKEDSHSTTGTAAASAHTSHPMQGRTTPSPEDSSWTDFFNPISHPMGRGHQAGRRMDMDSSHSITLQPTANPNTGLVEDLDRTGPLSMTTQQSNSQSFSTSHEGLEEDKDHPTTSTLTSSNRNDVTGGRRDPNHSEGSTTLLEGYTSHYPHTKESRTFIPVTSAKTGSFGVTAVTVGDSNSNVNRSLSGDQDTFHPSGGSHTTHGSESDGHSHGSQEGGANTTSGPIRTPQIPEWLIILASLLALALILAVCIAVNSRRRCGQKKKLVINSGNGAVEDRKPSGLNGEASKSQEMVHLVNKESSETPDQFMTADETRNLQNVDMKIGV
P17813,Endoglin (CD antigen CD105),ENG END,Homo sapiens (Human),MDRGTLPLAVALLLASCSLSPTSLAETVHCDLQPVGPERGEVTYTTSQVSKGCVAQAPNAILEVHVLFLEFPTGPSQLELTLQASKQNGTWPREVLLVLSVNSSVFLHLQALGIPLHLAYNSSLVTFQEPPGVNTTELPSFPKTQILEWAAERGPITSAAELNDPQSILLRLGQAQGSLSFCMLEASQDMGRTLEWRPRTPALVRGCHLEGVAGHKEAHILRVLPGHSAGPRTVTVKVELSCAPGDLDAVLILQGPPYVSWLIDANHNMQIWTTGEYSFKIFPEKNIRGFKLPDTPQGLLGEARMLNASIVASFVELPLASIVSLHASSCGGRLQTSPAPIQTTPPKDTCSPELLMSLIQTKCADDAMTLVLKKELVAHLKCTITGLTFWDPSCEAEDRGDKFVLRSAYSSCGMQVSASMISNEAVVNILSSSSPQRKKVHCLNMDSLSFQLGLYLSPHFLQASNTIEPGQQSFVQVRVSPSVSEFLLQLDSCHLDLGPEGGTVELIQGRAAKGNCVSLLSPSPEGDPRFSFLLHFYTVPIPKTGTLSCTVALRPKTGSQDQEVHRTVFMRLNIISPDLSGCTSKGLVLPAVLGITFGAFLIGALLTAALWYIYSHTRSPSKREPVVAVAAPASSESSSTNHSIGSTQSTPCSTSSMA
P46109,Crk-like protein,CRKL,Homo sapiens (Human),MSSARFDSSDRSAWYMGPVSRQEAQTRLQGQRHGMFLVRDSSTCPGDYVLSVSENSRVSHYIINSLPNRRFKIGDQEFDHLPALLEFYKIHYLDTTTLIEPAPRYPSPPMGSVSAPNLPTAEDNLEYVRTLYDFPGNDAEDLPFKKGEILVIIEKPEEQWWSARNKDGRVGMIPVPYVEKLVRSSPHGKHGNRNSNSYGIPEPAHAYAQPQTTTPLPAVSGSPGAAITPLPSTQNGPVFAKAIQKRVPCAYDKTALALEVGDIVKVTRMNINGQWEGEVNGRKGLFPFTHVKIFDPQNPDENE
Q5JXB2,Putative ubiquitin-conjugating enzyme E2 N-like (Epididymis tissue protein Li 174),UBE2NL,Homo sapiens (Human),MAELPHRIIKETQRLLAEPVPGIKAEPDESNARYFHVVIAGESKDSPFEGGTFKRELLLAEEYPMAAPKVRFMTKIYHPNVDKLERISLDILKDKWSPALQIRTVLLSIQALLNAPNPDDPLANDVVEQWKTNEAQAIETARAWTRLYAMNSI
Q6DHV5,Protein CC2D2B,CC2D2B C10orf130 C10orf131,Homo sapiens (Human),MKKSQREDIFKKMSEEMDNITAEEIIDKHLQKDLDAEENQNVAKTLRGKVREKLKISKINKGEKSSTEQLIDSEIHQRSKLSPQTEVSLDESLSFFILSGEEGSALGKSSEQRPVNRSYPKCFSLGVNLQNVAESEEEEFMKEFILTDILKVKAADYEDDQEQIKKQKANIFVPSSSPVVNQRKLPKDMMPRILEDEGFYIQRKPEIYKKTCNKMENRLLKLEEGKCWFGESGEIMSLPTPIKQSWNFRLNVRKEPLNPLLKTIYRKAVKYDLGSSFMNKMEGSREIYQLDLNIVGLQFSHHHLFNQEQVLCARLLQLYECFQDRQQQNVSQLLYEKLKALTDATKLSNENSEINQLTRKSLQDYYWQISNTKQMYDLERGKDLSLLHSILRTWKQIKSLRHGQGFTSTPIKLQVQRIKMNKCDEQEQISEMSETEKKNEGKELKNGKKLESLSYLASDETEIERIKPITLRPQLSFTAELTSLSKCSLHEQKRRAKIQKLKYFIKIFYNNKQVSCTSVSPLQFDFKVMFQQIFNIQLMYWPEVICLEVYEKSKRTSLLAKLYIPLPNYTELKGKTALQYVEFSSDKLVMPADGEVGSNVPFLLEGNGTEELCLLTSGKLSYSLSWSLDENGLPLIPMPQSLRSSYCSMLRNVDARSVPGIPWLMNEQKLFEWANEVRIDPNNPEYSDLMESVTYMRLKGQDIPKYFRLEQLQDEFNFVSEEEMAKSKRFQLLQLRNAGQLDNFLLQQMPLHDTEIPDLVFQEYESQKEKEVSVSDVNSITAQRINSANFLKKVRRLIMKRIVKISKCNLSDIVNDYEEIVSTSQLTDAVCKFVEPRRKLKPQRKERKKVTAQAISDGDIKILVRIVRAYNIPTRKTTINGSLDMPTCLKSSISCLRHRETIKSVASDETLHEDTVHPFVEVSFQHTVYKTNTASGSHPCWNEEIKVDFVSPGHDYSFSSLSKIKDNIYINIFDEMMTEKHEDHCLKSCSGHSYIRKNWLGCIVFPFSALLQQSEISGTFQVTIPPVLLGYTWSNTYVFPKEDSNEQNLKECTFLNIFATIEPQISYVTCNPTLDKFLDQTEVLQRAQIFKKNCKAMFPNRRIVTTVFNDEGIQFLVTRYIKALNPPQQLLDIFLHNSNATFDLIARFVSLIPFVPNTPDENDGSDIWMTSEHCISLAIGNKEEHAILLCNFFLYFGKKALVLLGTSVLEGHVAYVVTQETNEYLLWNPSTGQCYKQFDPFCPLKSVDCLFDDRNVWFNIQQNNTPMAVFFDYSKESFWKQLLPKNVQGTKIQSIQPEEIIYFETDKSMVEDLRNRIERTLKSKVMEWRPKHPTHWNRQCTFILRQILPKLEFGIGSFVSSEGDNEFERILQFYWVTGFPIQMPYIDVQSIIDAVYQTGIHSAEFPQTEFALAVYIHPYPNNILSVWVYLASLVQHQ